"ASV","s.high","s.low","index","stat","p.value","Domain","Phylum","Class","Order","Family","Genus","Species","Confidence"
"2cb9eabb50d618d64e2c283abdafe720",0,1,2,0.84479708588053,0.005,"d__Bacteria"," p__Nitrospirota"," c__Leptospirillia"," o__Leptospirillales"," f__Leptospirillaceae"," g__Leptospirillum"," s__Nitrospirae_bacterium","0.9997267"
"8e303126138ebfa7f053dc7f2a03ead8",0,1,2,0.521921328184611,0.005,"d__Bacteria"," p__Acidobacteriota"," c__Vicinamibacteria"," o__Vicinamibacterales"," f__Vicinamibacteraceae"," g__uncultured",NA,"0.9602856"
"dd14d59eb868d82df78a2f3f30ef01a0",0,1,2,0.549874208959756,0.01,"d__Bacteria"," p__Acidobacteriota"," c__Vicinamibacteria"," o__Vicinamibacterales"," f__Vicinamibacteraceae"," g__Luteitalea",NA,"0.9232160"
"9f125cd5a60a88f124a0ed1e4d8cfbda",0,1,2,0.90413101875742,0.005,"d__Bacteria"," p__Acidobacteriota"," c__Vicinamibacteria"," o__Vicinamibacterales"," f__Vicinamibacteraceae"," g__Vicinamibacteraceae",NA,"0.9352321"
"3ca46e131caa1b1959d80b4efdfa4dce",0,1,2,0.801552728676068,0.005,"d__Bacteria"," p__Acidobacteriota"," c__Subgroup_11"," o__Subgroup_11"," f__Subgroup_11"," g__Subgroup_11"," s__uncultured_bacterium","0.9853148"
"e2095d0bb2c2754102235a6bcc1cea1b",1,0,1,0.752081092808377,0.005,"d__Bacteria"," p__Gemmatimonadota"," c__Gemmatimonadetes"," o__Gemmatimonadales"," f__Gemmatimonadaceae"," g__Roseisolibacter"," s__uncultured_forest","0.9978452"
"29fbc177c7eb6bace1736e15f7f418ef",0,1,2,0.76227575139816,0.005,"d__Bacteria"," p__Acidobacteriota"," c__Blastocatellia"," o__Blastocatellales"," f__Blastocatellaceae"," g__Stenotrophobacter",NA,"0.8419369"
"806cd9b045ece190d8721842c8ce3d93",0,1,2,0.887899368239169,0.005,"d__Bacteria"," p__Acidobacteriota"," c__Blastocatellia"," o__Blastocatellales"," f__Blastocatellaceae",NA,NA,"0.9995077"
"c59768a0cba53f0e1141c9ba541b6cbc",0,1,2,0.883025417163376,0.005,"d__Bacteria"," p__Acidobacteriota"," c__Blastocatellia"," o__Pyrinomonadales"," f__Pyrinomonadaceae"," g__RB41",NA,"0.9873667"
"8d20b5539f7ea093b96ad0bf482a2d34",0,1,2,0.879750843047223,0.005,"d__Bacteria"," p__Myxococcota"," c__bacteriap25"," o__bacteriap25"," f__bacteriap25"," g__bacteriap25",NA,"0.9032101"
"ed39ec9ac33eee56c31150bdaa4d3d0f",0,1,2,0.425628265379374,0.01,"d__Bacteria"," p__Firmicutes"," c__Desulfotomaculia"," o__Desulfotomaculales"," f__Desulfotomaculales"," g__Desulfurispora"," s__Peptococcaceae_bacterium","0.9930396"
"1a43167c5b74aca200a9e7667b800c78",0,1,2,0.592923059616369,0.005,"d__Bacteria"," p__Firmicutes"," c__D8A-2"," o__D8A-2"," f__D8A-2"," g__D8A-2"," s__uncultured_bacterium","0.9455708"
"b0fe20dea57dd2cf5aa44d500abdedc3",0,1,2,0.888148470337577,0.005,"d__Bacteria"," p__Firmicutes"," c__Limnochordia"," o__Limnochordia"," f__Limnochordia"," g__Hydrogenispora"," s__uncultured_bacterium","0.7104276"
"96e0842a64ed3b8be16c3dab562e28df",0,1,2,0.622005816223655,0.005,"d__Bacteria"," p__Firmicutes"," c__Syntrophomonadia"," o__Syntrophomonadales"," f__Syntrophomonadaceae"," g__Syntrophomonas",NA,"0.8008822"
"0ed180862d16f521b4c451fad307423b",0,1,2,0.564136984878423,0.005,"d__Bacteria"," p__Firmicutes"," c__Desulfotomaculia"," o__Desulfotomaculales"," f__Desulfotomaculales"," g__Cryptanaerobacter"," s__uncultured_eubacterium","0.9158848"
"a4624b4304c9fcfb28ee3a1e9eef1d46",0,1,2,0.517863455573172,0.01,"d__Bacteria"," p__Firmicutes"," c__Clostridia"," o__Eubacteriales"," f__Anaerofustaceae"," g__Anaerofustis"," s__uncultured_low","0.8889697"
"437e6069a4a29ebd14307a52fcbdbd38",0,1,2,0.329690236697893,0.03,"d__Bacteria"," p__Firmicutes"," c__uncultured"," o__uncultured"," f__uncultured"," g__uncultured"," s__uncultured_Clostridiales","0.9770193"
"28615afd408c95010ae150cc5fde1dfa",1,0,1,0.359767716645237,0.01,"d__Bacteria"," p__Firmicutes"," c__Clostridia"," o__Peptostreptococcales-Tissierellales"," f__Peptostreptococcales-Tissierellales"," g__Fenollaria",NA,"0.9999771"
"6ca9012bc2424743ff8b8919103b8ffe",0,1,2,0.614674919715692,0.015,"d__Bacteria"," p__Firmicutes"," c__Clostridia"," o__Thermincolales"," f__Thermincolaceae"," g__Thermincola"," s__uncultured_bacterium","0.9208636"
"a1cc755b1b1c6ba5f10b2f1860d5c3bb",0,1,2,0.368975167403726,0.035,"d__Bacteria"," p__Firmicutes"," c__Desulfitobacteriia"," o__Desulfitobacteriales"," f__Heliobacteriaceae"," g__uncultured"," s__uncultured_bacterium","0.9838537"
"999a875b346de7d4678fbc36e4278542",1,0,1,0.760335170176937,0.005,"d__Bacteria"," p__Planctomycetota"," c__Planctomycetes"," o__Planctomycetales"," f__Gimesiaceae"," g__uncultured"," s__uncultured_bacterium","0.8745697"
"04f7f4e2091a47d43d79e1670648c9a6",0,1,2,0.735841558473662,0.005,"d__Bacteria"," p__Planctomycetota"," c__Planctomycetes"," o__Planctomycetales"," f__Rubinisphaeraceae"," g__SH-PL14",NA,"0.9528467"
"8b1f32416410c9ecb1b63192486231d0",1,0,1,0.68605075228044,0.005,"d__Bacteria"," p__Planctomycetota"," c__Planctomycetes"," o__Planctomycetales"," f__Schlesneriaceae"," g__Schlesneria"," s__uncultured_soil","0.7839405"
"3849bc3ea1c799001bcbf4ce07a47232",1,0,1,0.521177597425213,0.005,"d__Bacteria"," p__Planctomycetota"," c__Planctomycetes"," o__Pirellulales"," f__Pirellulaceae"," g__Pir3_lineage",NA,"0.7034428"
"6fb984f77e23fcbe19ca7aa7eface885",1,0,1,0.281669095655899,0.03,"d__Bacteria"," p__Planctomycetota"," c__Planctomycetes"," o__Gemmatales"," f__Gemmataceae"," g__Tuwongella"," s__uncultured_planctomycete","0.7103571"
"92f229140b5f1e073896a609805017ec",0,1,2,0.721106943928768,0.005,"d__Bacteria"," p__Planctomycetota"," c__Planctomycetes"," o__uncultured"," f__uncultured"," g__uncultured"," s__uncultured_bacterium","0.9392290"
"570e17859201b5508ad3f04d51a76914",0,1,2,0.401125288552668,0.035,"d__Bacteria"," p__Myxococcota"," c__Myxococcia"," o__Myxococcales"," f__Myxococcaceae"," g__Myxococcus",NA,"0.7526403"
"6b12c7cf927e6093529e5fc70d6b3def",1,0,1,0.333322127340254,0.01,"d__Bacteria"," p__AncK6"," c__AncK6"," o__AncK6"," f__AncK6"," g__AncK6"," s__uncultured_delta","0.7571176"
"2d97b6585a77372daef6e83c6e4eaefb",0,1,2,0.728589096752136,0.005,"d__Bacteria"," p__Methylomirabilota"," c__Methylomirabilia"," o__Rokubacteriales"," f__WX65"," g__WX65",NA,"0.9999492"
"2704a216d4864cdc8a5405d322dc9eb7",0,1,2,0.646306397074795,0.005,"d__Bacteria"," p__Myxococcota"," c__Polyangia"," o__Polyangiales"," f__Sandaracinaceae"," g__Sandaracinus",NA,"0.9896331"
"b3f7a53779dcc8abb85b7416bbaee7cd",1,0,1,0.55883310925419,0.01,"d__Bacteria"," p__Proteobacteria"," c__Alphaproteobacteria"," o__Micavibrionales"," f__Micavibrionaceae"," g__uncultured",NA,"0.8002065"
"a456b88794404009122a339b939fae67",0,1,2,0.801286737729779,0.005,"d__Bacteria"," p__Gemmatimonadota"," c__S0134_terrestrial_group"," o__S0134_terrestrial_group"," f__S0134_terrestrial_group"," g__S0134_terrestrial_group"," s__uncultured_Gemmatimonadetes","0.8584530"
"305b64d6af377792fe575fa8c96ddb51",0,1,2,0.419489181757931,0.01,"d__Bacteria"," p__Acidobacteriota"," c__Subgroup_20"," o__Subgroup_20"," f__Subgroup_20"," g__Subgroup_20"," s__uncultured_bacterium","0.9740251"
"3816374fc0d772a24fa6338a5651d8d0",0,1,2,0.806033251434841,0.005,"d__Bacteria"," p__Bdellovibrionota"," c__Oligoflexia"," o__Oligoflexales"," f__Oligoflexales"," g__Oligoflexus",NA,"0.9999052"
"7f10104722f61ac88e02adcfe4d08c17",0,1,2,0.83435481619148,0.005,"d__Bacteria"," p__NB1-j"," c__NB1-j"," o__NB1-j"," f__NB1-j"," g__NB1-j",NA,"0.9429176"
"8abad20352b2f1d998648c472ad21d6e",0,1,2,0.650189410581846,0.005,"d__Bacteria"," p__Myxococcota"," c__Polyangia"," o__Polyangiales"," f__Polyangiaceae"," g__Polyangium",NA,"0.7370727"
"80ce079ac821f2a10381f22b6a7724f6",0,1,2,0.450442616461451,0.005,"d__Bacteria"," p__Myxococcota"," c__Polyangia"," o__Polyangiales"," f__Polyangiaceae"," g__Sorangium",NA,"0.7577319"
"661a62c725128e425b25fcfda47e403a",1,0,1,0.272165526975909,0.005,"d__Bacteria"," p__Myxococcota"," c__Polyangia"," o__Polyangiales"," f__Polyangiaceae"," g__Chondromyces",NA,"0.9158092"
"c077a6545fc13211a81c8c02e41ea885",1,0,1,0.403294370751162,0.005,"d__Bacteria"," p__Myxococcota"," c__Polyangia"," o__Polyangiales"," f__Polyangiaceae"," g__Labilithrix"," s__Labilithrix_luteola","0.9256878"
"3819b89694c8828f89fe037141ddea0f",0,1,2,0.619713152367329,0.005,"d__Bacteria"," p__Desulfobacterota"," c__Syntrophobacteria"," o__Syntrophobacterales"," f__Syntrophobacteraceae"," g__Desulfovirga"," s__Syntrophobacter_sp.","0.7361246"
"ee3843e9541a93b4fb78115be22fa2b0",0,1,2,0.748577721482924,0.005,"d__Bacteria"," p__Desulfobacterota"," c__Desulfuromonadia"," o__Desulfuromonadia"," f__Desulfuromonadaceae"," g__Desulfuromonas",NA,"0.7867370"
"abf8e2e5ddd1a2cc62e6afecd007c7f6",0,1,2,0.604282832464396,0.005,"d__Bacteria"," p__Desulfobacterota"," c__Desulfuromonadia"," o__Geobacterales"," f__Geobacteraceae"," g__Geobacteraceae",NA,"0.7518944"
"c1b08d93441e2e4b2cc3473f8c675710",0,1,2,0.576257922423022,0.005,"d__Bacteria"," p__Desulfobacterota"," c__Desulfuromonadia"," o__Geobacterales"," f__Geobacteraceae"," g__Geotalea"," s__uncultured_bacterium","0.7706864"
"00fdbabc6d1e07254892f04f717aaad6",0,1,2,0.459832906210725,0.02,"d__Bacteria"," p__Gemmatimonadota"," c__Longimicrobia"," o__Longimicrobiales"," f__Longimicrobiaceae"," g__Longimicrobiaceae",NA,"0.9943582"
"f655c93a9a74baa6889f087450a6cf29",0,1,2,0.667432058854084,0.005,"d__Bacteria"," p__Myxococcota"," c__Polyangia"," o__MSB-4B10"," f__MSB-4B10"," g__MSB-4B10",NA,"0.7478012"
"4c59b2af8aa315bedd1be5cb3ec76c68",0,1,2,0.444086119644042,0.025,"d__Bacteria"," p__Myxococcota"," c__Polyangia"," o__Nannocystales"," f__Nannocystaceae",NA,NA,"0.9332658"
"b865c96757ab45c6ec26c854fc1b519e",1,0,1,0.258669833676208,0.01,"d__Bacteria"," p__Desulfobacterota"," c__Desulfobulbia"," o__Desulfobulbales"," f__Desulfobulbaceae"," g__uncultured",NA,"0.7080625"
"d02611c5f3cde4a92d40dc285e671414",0,1,2,0.53936675995375,0.02,"d__Bacteria"," p__Firmicutes"," c__Clostridia"," o__Eubacteriales"," f__Eubacteriaceae"," g__Acetobacterium",NA,"0.9999372"
"b01121399dad91b6cc5c3d99823922bb",0,1,2,0.659906296916608,0.005,"d__Bacteria"," p__Desulfobacterota"," c__Desulfobulbia"," o__Desulfobulbales"," f__Desulfocapsaceae"," g__uncultured",NA,"0.8431566"
"92d0060af071bbb3f0fb71d454e665ea",0,1,2,0.512675853371614,0.005,"d__Bacteria"," p__Deferrisomatota"," c__Defferrisomatia"," o__Defferrisomatales"," f__Defferrisomataceae"," g__Deferrisoma",NA,"0.7444927"
"a1e4c677df6ee07a2347f8eefef2bff1",0,1,2,0.606662066454566,0.005,"d__Bacteria"," p__Desulfobacterota"," c__Desulfobacteria"," o__Desulfobacterales"," f__Desulfococcaceae"," g__uncultured"," s__uncultured_prokaryote","0.9567991"
"c1e2b4955bf9e57c22bf1bdbde61cbdd",0,1,2,0.318511028635303,0.04,"d__Bacteria"," p__Desulfobacterota"," c__Desulfobacteria"," o__Desulfobacterales"," f__Desulfobacteraceae",NA,NA,"0.9998006"
"5a48a00ad7ad292cee28cb3f470764db",0,1,2,0.764370825111892,0.005,"d__Bacteria"," p__Acidobacteriota"," c__Subgroup_25"," o__Subgroup_25"," f__Subgroup_25"," g__Subgroup_25",NA,"0.9677109"
"bfeedb6d4be42651e4260b353e06462b",0,1,2,0.470318835141771,0.015,"d__Bacteria"," p__Gemmatimonadota"," c__Longimicrobia"," o__Longimicrobiales"," f__Longimicrobiaceae"," g__YC-ZSS-LKJ147"," s__uncultured_Gemmatimonadetes","0.8433836"
"4c3cded71a2cd246c6cebde45c7378b8",0,1,2,0.464558214846634,0.015,"d__Bacteria"," p__Gemmatimonadota"," c__Longimicrobia"," o__Longimicrobiales"," f__Longimicrobiaceae"," g__Longimicrobium",NA,"0.9848172"
"7224df14fdc66749339b0efdf0cf92e5",1,0,1,0.457843869662625,0.005,"d__Bacteria"," p__Elusimicrobiota"," c__Elusimicrobia"," o__FCPU453"," f__FCPU453"," g__FCPU453",NA,"0.9987480"
"7c8fcbcf68d6a38e12fa42b860193e95",1,0,1,0.599511372598105,0.005,"d__Bacteria"," p__Elusimicrobiota"," c__Elusimicrobiota"," o__Elusimicrobiota"," f__Elusimicrobiota"," g__Elusimicrobiota"," s__uncultured_Acidobacteria","0.9999209"
"fe0734dadb3254495708023a4370e536",0,1,2,0.531252249230203,0.01,"d__Bacteria"," p__Actinobacteriota"," c__Thermoleophilia"," o__Solirubrobacterales"," f__Solirubrobacteraceae"," g__Parviterribacter"," s__uncultured_bacterium","0.9521341"
"573e3a5dce627faf64bbe11a6f06a4f7",0,1,2,0.659871262904787,0.01,"d__Bacteria"," p__Actinobacteriota"," c__Thermoleophilia"," o__Solirubrobacterales"," f__Solirubrobacteraceae"," g__Solirubrobacter",NA,"0.9996571"
"dad8bb7dd1501f4444b1aa2038b747ff",0,1,2,0.737615044115933,0.005,"d__Bacteria"," p__Actinobacteriota"," c__Thermoleophilia"," o__uncultured"," f__uncultured"," g__uncultured"," s__uncultured_bacterium","0.9994908"
"0a41bf6851bcce501e9fb0c8806e876d",1,0,1,0.843260687213679,0.005,"d__Bacteria"," p__Actinobacteriota"," c__Thermoleophilia"," o__Solirubrobacterales"," f__Solirubrobacteraceae"," g__uncultured",NA,"0.9871201"
"e92fe07ad59f689b6af5cfa22d62caeb",0,1,2,0.457234033074438,0.01,"d__Bacteria"," p__Actinobacteriota"," c__Thermoleophilia"," o__Solirubrobacterales"," f__Solirubrobacteraceae"," g__JCM_18997"," s__uncultured_bacterium","0.9605176"
"84819bcd5326bc581f347eaf8fbb58ae",1,0,1,0.235702260395516,0.02,"d__Bacteria"," p__Proteobacteria"," c__Gammaproteobacteria"," o__Enterobacterales"," f__Morganellaceae",NA,NA,"0.9050283"
"0baad7325ed751424c195a7fddc14292",1,0,1,0.746161833083767,0.005,"d__Bacteria"," p__Proteobacteria"," c__Alphaproteobacteria"," o__Paracaedibacterales"," f__Paracaedibacteraceae"," g__Candidatus_Paracaedibacter"," s__metagenome","0.7622476"
"af7e3388283b487405e7cf57ff1fbaa6",1,0,1,0.420621065386952,0.02,"d__Bacteria"," p__Proteobacteria"," c__Alphaproteobacteria"," o__Rickettsiales"," f__Rickettsiales"," g__Candidatus_Jidaibacter"," s__metagenome","0.9888682"
"f4b4301dd8b32f503ef5541d5335397f",0,1,2,0.452820865711014,0.01,"d__Bacteria"," p__Proteobacteria"," c__Gammaproteobacteria"," o__Cellvibrionales"," f__Halieaceae"," g__OM60(NOR5)_clade",NA,"0.7494955"
"d100e92380d668124256b29004fbbe14",0,1,2,0.501522658409321,0.005,"d__Bacteria"," p__Proteobacteria"," c__Gammaproteobacteria"," o__Chromatiales"," f__Chromatiaceae"," g__Thiodictyon",NA,"0.9000107"
"2451d62dd094d07fefe1e3da33c53e80",0,1,2,0.689889903856674,0.005,"d__Bacteria"," p__Proteobacteria"," c__Gammaproteobacteria"," o__Methylococcales"," f__Methylomonadaceae"," g__Methylobacter",NA,"0.7533141"
"f464fbf355e920cb8b41b5e377a9dc06",0,1,2,0.340203501580228,0.045,"d__Bacteria"," p__Proteobacteria"," c__Gammaproteobacteria"," o__Beggiatoales"," f__Beggiatoaceae"," g__Beggiatoa",NA,"0.8423202"
"068e8b92ad977f04bb07c4ac61889b0e",1,0,1,0.554994152147416,0.005,"d__Bacteria"," p__Proteobacteria"," c__Gammaproteobacteria"," o__Gammaproteobacteria_Incertae_Sedis"," f__Unknown_Family"," g__Candidatus_Berkiella",NA,"0.7084702"
"a77a1b0004726e439f65cc70935e4de9",1,0,1,0.706653735683763,0.005,"d__Bacteria"," p__Proteobacteria"," c__Gammaproteobacteria"," o__Gammaproteobacteria_Incertae_Sedis"," f__Unknown_Family"," g__Candidatus_Ovatusbacter",NA,"0.8438362"
"c54fb221f82702b13a2dcb6c3d18441c",0,1,2,0.598946809663424,0.02,"d__Bacteria"," p__Proteobacteria"," c__Gammaproteobacteria"," o__Aeromonadales"," f__Aeromonadaceae"," g__Aeromonas",NA,"0.9625815"
"76ea902da50d9ac96eada9e09ea3e2e5",1,0,1,0.776740927883508,0.005,"d__Bacteria"," p__Proteobacteria"," c__Gammaproteobacteria"," o__KF-JG30-C25"," f__KF-JG30-C25"," g__KF-JG30-C25",NA,"0.9811209"
"245fc7c1db90ff4d94b0591baecc1194",1,0,1,0.816331404694353,0.005,"d__Bacteria"," p__Proteobacteria"," c__Gammaproteobacteria"," o__Diplorickettsiales"," f__Diplorickettsiaceae"," g__uncultured"," s__uncultured_Coxiellaceae","0.8852328"
"489c95756329ef2bbd9524ecab4ead69",1,0,1,0.540955952614699,0.005,"d__Bacteria"," p__Proteobacteria"," c__Gammaproteobacteria"," o__Diplorickettsiales"," f__Diplorickettsiaceae",NA,NA,"0.7594173"
"d63407df6b8ac49b9dc9fcc66408e62c",1,0,1,0.528595431781721,0.005,"d__Bacteria"," p__Proteobacteria"," c__Gammaproteobacteria"," o__Salinisphaerales"," f__Solimonadaceae"," g__Alkanibacter"," s__gamma_proteobacterium","0.8673674"
"1e5fc2ac48319449d1ed33509ce449ad",1,0,1,0.408248290463863,0.005,"d__Bacteria"," p__Proteobacteria"," c__Gammaproteobacteria"," o__Burkholderiales"," f__Chitinibacteraceae"," g__Silvimonas",NA,"0.7234083"
"d6296f912d3adc6dad7ff7644d02d241",0,1,2,0.425628265379374,0.005,"d__Bacteria"," p__Proteobacteria"," c__Gammaproteobacteria"," o__Burkholderiales"," f__Chitinibacteraceae"," g__Deefgea",NA,"0.9999550"
"ca7055487bf3186a587d3f68967f8999",0,1,2,0.380693493813441,0.005,"d__Bacteria"," p__Proteobacteria"," c__Gammaproteobacteria"," o__Burkholderiales"," f__Chitinibacteraceae"," g__Formivibrio"," s__Formivibrio_citricus","0.9788908"
"1c166a94126436a9bead3a5a2e827743",0,1,2,0.358846954463842,0.045,"d__Bacteria"," p__Proteobacteria"," c__Gammaproteobacteria"," o__Burkholderiales"," f__Alcaligenaceae"," g__Achromobacter",NA,"0.7476225"
"dc0e5ed874999797d268c7ec6b32a5b9",0,1,2,0.414627307607172,0.045,"d__Bacteria"," p__Proteobacteria"," c__Gammaproteobacteria"," o__Burkholderiales"," f__Comamonadaceae"," g__Caenimonas"," s__Caenimonas_sp.","0.7007938"
"75c14991ecdaead6041b2aae46bdc1b6",1,0,1,0.279059030692122,0.02,"d__Bacteria"," p__Proteobacteria"," c__Gammaproteobacteria"," o__Burkholderiales"," f__Oxalobacteraceae"," g__Collimonas",NA,"0.8824725"
"e90dbe263c72eea730a9771ef58bb894",0,1,2,0.77530053083889,0.005,"d__Bacteria"," p__Proteobacteria"," c__Gammaproteobacteria"," o__Burkholderiales"," f__Sutterellaceae"," g__uncultured",NA,"0.9497594"
"562621dee791f0c69875c6e89ba02b27",0,1,2,0.4241130298325,0.025,"d__Bacteria"," p__Proteobacteria"," c__Gammaproteobacteria"," o__Burkholderiales"," f__Oxalobacteraceae"," g__Noviherbaspirillum",NA,"0.8935759"
"39a782c45b6b1f8ab209783c228f7743",0,1,2,0.567748996524952,0.005,"d__Bacteria"," p__Proteobacteria"," c__Gammaproteobacteria"," o__Burkholderiales"," f__Rhodocyclaceae"," g__Niveibacterium",NA,"0.8074521"
"cdd19cdb0b37a135d1478a0be5b7fb99",1,0,1,0.224820640336398,0.03,"d__Bacteria"," p__Proteobacteria"," c__Gammaproteobacteria"," o__Burkholderiales"," f__Oxalobacteraceae"," g__Paucimonas",NA,"0.8467891"
"010fd5144b7a4cf47d402454e34eff97",0,1,2,0.489589782667235,0.015,"d__Bacteria"," p__Proteobacteria"," c__Gammaproteobacteria"," o__Burkholderiales"," f__Gallionellaceae"," g__Candidatus_Nitrotoga",NA,"0.7135258"
"829b14daae13aabcf97952685624a5f9",1,0,1,0.815653469621956,0.005,"d__Bacteria"," p__Proteobacteria"," c__Gammaproteobacteria"," o__Burkholderiales"," f__Burkholderiaceae"," g__Burkholderia-Caballeronia-Paraburkholderia",NA,"0.9643657"
"b0d970079bed2340537b068248f6d157",1,0,1,0.448320304867007,0.005,"d__Bacteria"," p__Proteobacteria"," c__Gammaproteobacteria"," o__Burkholderiales"," f__Burkholderiaceae",NA,NA,"0.8440681"
"8adaf40987fa2432aaaba6b4ce6a4a6a",0,1,2,0.815459059481949,0.005,"d__Bacteria"," p__Proteobacteria"," c__Gammaproteobacteria"," o__Burkholderiales"," f__Methylophilaceae",NA,NA,"0.7820483"
"169b56673e5b5e1ee80d98880ffc206e",1,0,1,0.62159173809766,0.005,"d__Bacteria"," p__Proteobacteria"," c__Gammaproteobacteria"," o__Burkholderiales"," f__Oxalobacteraceae"," g__Herminiimonas",NA,"0.8507771"
"1bdbae4f4b2ad036c56f36104f74a8df",1,0,1,0.387500491369847,0.025,"d__Bacteria"," p__Proteobacteria"," c__Gammaproteobacteria"," o__Burkholderiales"," f__Sutterellaceae"," g__AAP99",NA,"0.8306551"
"4797175c48964de7a3c9d1b78f33e8f3",0,1,2,0.56239043810457,0.01,"d__Bacteria"," p__Proteobacteria"," c__Gammaproteobacteria"," o__Burkholderiales"," f__Comamonadaceae"," g__Hydrogenophaga",NA,"0.8910302"
"76838a1f90fb6f5fc13d18c0d5689cc4",1,0,1,0.873452252699443,0.005,"d__Bacteria"," p__Proteobacteria"," c__Gammaproteobacteria"," o__JG36-TzT-191"," f__JG36-TzT-191"," g__JG36-TzT-191",NA,"0.9650960"
"a29a39a2e148c877fa56265925eb2181",1,0,1,0.42130366737462,0.005,"d__Bacteria"," p__Proteobacteria"," c__Gammaproteobacteria"," o__Gammaproteobacteria_Incertae_Sedis"," f__Unknown_Family",NA,NA,"0.7013768"
"201391ae613ddd9b947e72d8a1e59409",0,1,2,0.734272022354637,0.005,"d__Bacteria"," p__Proteobacteria"," c__Gammaproteobacteria"," o__Burkholderiales"," f__Rhodocyclaceae"," g__Propionivibrio",NA,"0.7621517"
"b32f5c477e2d7d1afe490806bf7dba9b",0,1,2,0.549634900001926,0.005,"d__Bacteria"," p__Proteobacteria"," c__Gammaproteobacteria"," o__Burkholderiales"," f__Nitrosomonadaceae"," g__Nitrosomonas",NA,"0.9121821"
"9510187c95b26fdcefd5aca8533960d7",1,0,1,0.235702260395516,0.015,"d__Bacteria"," p__Proteobacteria"," c__Gammaproteobacteria"," o__Enterobacterales"," f__Budviciaceae"," g__Leminorella",NA,"0.7228561"
"ad1321dd445bf38888c99815998286e2",0,1,2,0.556409503385623,0.005,"d__Bacteria"," p__Proteobacteria"," c__Gammaproteobacteria"," o__KI89A_clade"," f__KI89A_clade"," g__KI89A_clade",NA,"0.7216402"
"eb629e75385bb1a6a5045e3eaaafd332",0,1,2,0.491901406630737,0.03,"d__Bacteria"," p__Proteobacteria"," c__Gammaproteobacteria"," o__Cellvibrionales"," f__Cellvibrionaceae",NA,NA,"0.8164522"
"7d11cd33f5f542d233cee9e1cad961af",1,0,1,0.830219596620427,0.005,"d__Bacteria"," p__Proteobacteria"," c__Gammaproteobacteria"," o__Salinisphaerales"," f__Solimonadaceae"," g__Nevskia",NA,"0.7442395"
"3fbe3213b97c71d62a769be93094139a",0,1,2,0.427784234514757,0.04,"d__Bacteria"," p__Proteobacteria"," c__Gammaproteobacteria"," o__Xanthomonadales"," f__Xanthomonadaceae"," g__Silanimonas",NA,"0.9989207"
"b04935671aa93cccb2a9f8db257891f4",1,0,1,0.331072387408661,0.04,"d__Bacteria"," p__Proteobacteria"," c__Gammaproteobacteria"," o__Xanthomonadales"," f__Rhodanobacteraceae"," g__Rudaea",NA,"0.8943763"
"7cf714e0bb0f760b6caf808aae8e639b",1,0,1,0.731275364341664,0.005,"d__Bacteria"," p__Proteobacteria"," c__Gammaproteobacteria"," o__Xanthomonadales"," f__Rhodanobacteraceae"," g__Rhodanobacter",NA,"0.8739469"
"443500c81ea9c30a5d6089e8c608ae42",0,1,2,0.540417999707156,0.005,"d__Bacteria"," p__Proteobacteria"," c__Gammaproteobacteria"," o__Xanthomonadales"," f__Xanthomonadaceae"," g__Pseudoxanthomonas",NA,"0.8597756"
"aca8a7924fa8b9c064b6d039c20636ea",1,0,1,0.638217685776126,0.005,"d__Bacteria"," p__Proteobacteria"," c__Gammaproteobacteria"," o__Xanthomonadales"," f__Rhodanobacteraceae"," g__Dyella",NA,"0.8382212"
"6cdf26f8621f6c456ccc71bd69773969",1,0,1,0.345682317274695,0.015,"d__Bacteria"," p__Proteobacteria"," c__Gammaproteobacteria"," o__Xanthomonadales"," f__Rhodanobacteraceae"," g__Luteibacter",NA,"0.9178061"
"6a3019f74fb05de277cf59f8a47cfa86",0,1,2,0.383265086346169,0.025,"d__Bacteria"," p__Proteobacteria"," c__Gammaproteobacteria"," o__Xanthomonadales"," f__Rhodanobacteraceae"," g__Tahibacter",NA,"0.9589760"
"afdaa8db1f9ca27ea4bd7de6a51d5768",0,1,2,0.706593486030636,0.005,"d__Bacteria"," p__Proteobacteria"," c__Gammaproteobacteria"," o__Xanthomonadales"," f__Xanthomonadaceae"," g__Lysobacter",NA,"0.9269930"
"35d88225cb855a6129fc73d7da6d7ce1",0,1,2,0.480742420019401,0.01,"d__Bacteria"," p__Proteobacteria"," c__Gammaproteobacteria"," o__Oceanospirillales"," f__Alcanivoracaceae"," g__Ketobacter"," s__uncultured_soil","0.8904513"
"ab2119ccb40dedf0e745387a2a8ced43",1,0,1,0.311406661324617,0.01,"d__Bacteria"," p__Proteobacteria"," c__Gammaproteobacteria"," o__Pseudomonadales"," f__Moraxellaceae"," g__Alkanindiges"," s__Antarctic_bacterium","0.8141607"
"ae740cae71b2b8c6595dda70de84db9f",0,1,2,0.306924907022426,0.045,"d__Bacteria"," p__Proteobacteria"," c__Gammaproteobacteria"," o__Aeromonadales"," f__Aeromonadaceae",NA,NA,"0.7241457"
"ed438f55b29bb41365fe8c0d657858c1",0,1,2,0.479864652908084,0.02,"d__Bacteria"," p__Proteobacteria"," c__Gammaproteobacteria"," o__Cellvibrionales"," f__Spongiibacteraceae"," g__BD1-7_clade",NA,"0.7058106"
"95c4c22274b371a5b13f85641fab10d1",0,1,2,0.450442616461451,0.005,"d__Bacteria"," p__Proteobacteria"," c__Gammaproteobacteria"," o__1013-28-CG33"," f__1013-28-CG33"," g__1013-28-CG33",NA,"0.8732431"
"e219c00079652e9b1404d0d3d7ddff75",0,1,2,0.452781898693053,0.015,"d__Bacteria"," p__Proteobacteria"," c__Gammaproteobacteria"," o__Gammaproteobacteria_Incertae_Sedis"," f__Unknown_Family"," g__uncultured"," s__metagenome","0.7755775"
"ca11fa2a0c3c210989d3fb8c4cab12b6",0,1,2,0.725164205195721,0.005,"d__Bacteria"," p__Proteobacteria"," c__Gammaproteobacteria"," o__Salinisphaerales"," f__Solimonadaceae"," g__Polycyclovorans"," s__uncultured_Xanthomonadales","0.8962910"
"7b0d6970e21ed778b162be105e626557",1,0,1,0.855785833035872,0.005,"d__Bacteria"," p__Proteobacteria"," c__Gammaproteobacteria"," o__WD260"," f__WD260"," g__WD260"," s__uncultured_bacterium","0.7233515"
"0c99cee123a5a4eba6649125e403ba56",0,1,2,0.740714048709956,0.005,"d__Bacteria"," p__Proteobacteria"," c__Gammaproteobacteria"," o__PLTA13"," f__PLTA13"," g__PLTA13",NA,"0.7287184"
"ef5487eddb10da2d47fe9dfc865c2f0a",0,1,2,0.434057366141216,0.005,"d__Bacteria"," p__Fibrobacterota"," c__Chitinivibrionia"," o__Chitinivibrionales"," f__Chitinivibrionaceae"," g__possible_genus_03"," s__uncultured_Fibrobacteres","0.8240935"
"34410c3150569982d7830ec289b736a9",0,1,2,0.390094748802747,0.01,"d__Bacteria"," p__Actinobacteriota"," c__Actinobacteria"," o__Frankiales"," f__Sporichthyaceae"," g__Sporichthyaceae",NA,"0.9382806"
"1214d7bcaad7400ddf0fde9d23f05bdd",1,0,1,0.806154313008182,0.005,"d__Bacteria"," p__Armatimonadota"," c__Armatimonadia"," o__Armatimonadales"," f__Armatimonadales"," g__Armatimonadales",NA,"0.9891735"
"b0fe68eb1d5e7f772cc9842a93688c85",0,1,2,0.653336819193766,0.005,"d__Bacteria"," p__Verrucomicrobiota"," c__Verrucomicrobiae"," o__Verrucomicrobiales"," f__Verrucomicrobiaceae"," g__Roseimicrobium"," s__metagenome","0.8889221"
"e26078230e1c8463f7e9e3b8e90f3206",1,0,1,0.406606573688179,0.005,"d__Bacteria"," p__Dependentiae"," c__Babeliae"," o__Babeliales"," f__UBA12411"," g__UBA12411"," s__uncultured_bacterium","0.9554442"
"29721a313f756629ef99fc4dc8b1b3cd",0,1,2,0.744948378213525,0.005,"d__Bacteria"," p__Bdellovibrionota"," c__Bdellovibrionia"," o__Bacteriovoracales"," f__Bacteriovoracaceae"," g__Peredibacter"," s__Peredibacter_starrii","0.9449180"
"ebef8bc68578a162f6d27ac7eae7b4f8",0,1,2,0.678936188400266,0.005,"d__Bacteria"," p__Acidobacteriota"," c__Acidobacteriae"," o__Elev-16S-1166"," f__Elev-16S-1166"," g__Elev-16S-1166",NA,"0.9900647"
"01814cb76e1cb680c411c98b9c4a3db5",1,0,1,0.659148351609215,0.005,"d__Bacteria"," p__Acidobacteriota"," c__Acidobacteriae"," o__TSBb06"," f__TSBb06"," g__TSBb06"," s__uncultured_bacterium","0.7570042"
"74515eca63621ab453daec814e784a70",1,0,1,0.381477632562424,0.005,"d__Bacteria"," p__Acidobacteriota"," c__Acidobacteriae"," o__Acidobacteriales"," f__Acidobacteriaceae_(Subgroup_1)"," g__Acidobacteriaceae_(Subgroup_1)"," s__uncultured_bacterium","0.7752282"
"a78b622d91d3932c04e2f18f08c4163a",1,0,1,0.776177945705898,0.005,"d__Bacteria"," p__Acidobacteriota"," c__Acidobacteriae"," o__Acidobacteriales"," f__Acidobacteriaceae_(Subgroup_1)"," g__uncultured"," s__uncultured_forest","0.8594139"
"ff009bf1ad25f35d39bb0e86ecb08a2c",1,0,1,0.792961910079975,0.005,"d__Bacteria"," p__Acidobacteriota"," c__Acidobacteriae"," o__Acidobacteriales"," f__Acidobacteriaceae_(Subgroup_1)"," g__Acidicapsa",NA,"0.8420251"
"d0e1f2c0008b5b8dd6ca881cb11de476",1,0,1,0.800710272266568,0.005,"d__Bacteria"," p__Acidobacteriota"," c__Acidobacteriae"," o__Acidobacteriales"," f__Acidobacteriaceae_(Subgroup_1)"," g__Acidipila",NA,"0.8045562"
"e816587b94a5b45627462ca834aaa1eb",1,0,1,0.644141846905601,0.005,"d__Bacteria"," p__Acidobacteriota"," c__Acidobacteriae"," o__Acidobacteriales"," f__Acidobacteriaceae_(Subgroup_1)"," g__Terriglobus",NA,"0.9977659"
"8adf14836333c74d4195b67e3976360a",1,0,1,0.354612410520691,0.005,"d__Bacteria"," p__Acidobacteriota"," c__Acidobacteriae"," o__Acidobacteriales"," f__Acidobacteriaceae_(Subgroup_1)"," g__Terracidiphilus",NA,"0.7081180"
"4ed91d931cafdca8362e8bfe1e90dab3",1,0,1,0.874844896921133,0.005,"d__Bacteria"," p__Acidobacteriota"," c__Acidobacteriae"," o__Acidobacteriales"," f__Acidobacteriaceae_(Subgroup_1)"," g__Occallatibacter",NA,"0.9846537"
"0ec829449a903afafb3c0cfc34003aa6",1,0,1,0.876683647394304,0.005,"d__Bacteria"," p__Acidobacteriota"," c__Acidobacteriae"," o__Acidobacteriales"," f__Acidobacteriaceae_(Subgroup_1)",NA,NA,"0.9998831"
"87217d0489cfdc7c075d6bbca2c7b14d",1,0,1,0.672291675118396,0.005,"d__Bacteria"," p__Acidobacteriota"," c__Acidobacteriae"," o__Acidobacteriales"," f__Acidobacteriaceae_(Subgroup_1)"," g__Edaphobacter",NA,"0.7339306"
"ce22befb9f46fa5e85e8cb5290578a90",1,0,1,0.450380367792576,0.005,"d__Bacteria"," p__Acidobacteriota"," c__Acidobacteriae"," o__Acidobacteriales"," f__Acidobacteriaceae_(Subgroup_1)"," g__Bryocella"," s__Bryocella_elongata","0.9981470"
"0a80cc008bcc732ac16ebb08f813b3b8",1,0,1,0.823733102843631,0.005,"d__Bacteria"," p__Acidobacteriota"," c__Acidobacteriae"," o__Acidobacteriales"," f__Acidobacteriaceae_(Subgroup_1)"," g__Granulicella",NA,"0.7480203"
"6437863f5fe175c6fa9518a8e9520eef",0,1,2,0.345965094221088,0.03,"d__Bacteria"," p__Acidobacteriota"," c__Acidobacteriae"," o__Acidobacteriales"," f__Acidobacteriales"," g__Acidobacteriales"," s__uncultured_bacterium","0.8046581"
"141d3e76c3b0a31c607a5fb3a777cb09",0,1,2,0.496806333588427,0.005,"d__Bacteria"," p__10bav-F6"," c__10bav-F6"," o__10bav-F6"," f__10bav-F6"," g__10bav-F6"," s__uncultured_bacterium","0.8085656"
"b65412357c3a149f89587663fa283f53",0,1,2,0.330365842007259,0.045,"d__Bacteria"," p__FW113"," c__FW113"," o__FW113"," f__FW113"," g__FW113"," s__uncultured_bacterium","0.9772460"
"d6a1a6ef55214ff1fd5607e08b3c41b7",1,0,1,0.570774532250122,0.005,"d__Bacteria"," p__Proteobacteria"," c__Alphaproteobacteria"," o__Rickettsiales"," f__Rickettsiaceae"," g__Rickettsia",NA,"0.9666378"
"d7d0c1e861aba50a606d311bde52c3aa",1,0,1,0.448158435619186,0.005,"d__Bacteria"," p__Proteobacteria"," c__Alphaproteobacteria"," o__Rickettsiales"," f__Rickettsiaceae"," g__uncultured",NA,"0.8019660"
"ae4fb5016a99414bd1c1e39ba27760a2",1,0,1,0.296814613887217,0.01,"d__Bacteria"," p__Proteobacteria"," c__Alphaproteobacteria"," o__Rickettsiales"," f__bac2nit3"," g__bac2nit3",NA,"0.9970190"
"f0fb080b04c9af8a8a83d8e34a1852ee",1,0,1,0.332693808441603,0.01,"d__Bacteria"," p__Proteobacteria"," c__Alphaproteobacteria"," o__Rickettsiales"," f__Anaplasmataceae"," g__Wolbachia",NA,"0.9977133"
"14e44ad0d324969bba08a4b4cd89ab4a",0,1,2,0.380693493813441,0.015,"d__Bacteria"," p__Proteobacteria"," c__Alphaproteobacteria"," o__Rickettsiales"," f__Rickettsiaceae"," g__Candidatus_Megaira",NA,"0.9993969"
"d8a324a445eb27b6e60c845937a3cca0",1,0,1,0.39120318907113,0.03,"d__Bacteria"," p__Proteobacteria"," c__Alphaproteobacteria"," o__Rickettsiales"," f__Rickettsiaceae",NA,NA,"0.9915294"
"e0b36ffacc9d2b3a8a7d27f0282fd32e",0,1,2,0.347210406653656,0.035,"d__Bacteria"," p__Proteobacteria"," c__Alphaproteobacteria"," o__Puniceispirillales"," f__EF100-94H03"," g__EF100-94H03"," s__uncultured_bacterium","0.8574150"
"7b538179e1e4374f157b6c5201ecc7ad",1,0,1,0.316923163373369,0.04,"d__Bacteria"," p__Proteobacteria"," c__Alphaproteobacteria"," o__Paracaedibacterales"," f__Paracaedibacteraceae",NA,NA,"0.8298671"
"a6a6723820c1e0a463cc4ac056c9b2a6",0,1,2,0.719159702033961,0.005,"d__Bacteria"," p__Caldisericota"," c__Caldisericia"," o__Caldisericales"," f__WCHB1-02"," g__WCHB1-02"," s__uncultured_eubacterium","0.9998781"
"2be3d786eb2b6557592a8fbd2c8c0c7e",1,0,1,0.377909124645062,0.01,"d__Bacteria"," p__Verrucomicrobiota"," c__Chlamydiae"," o__Chlamydiales"," f__Waddliaceae"," g__Waddlia",NA,"0.9120346"
"15831f717612ff88c07bd1d80deee199",1,0,1,0.796897510725505,0.005,"d__Bacteria"," p__Verrucomicrobiota"," c__Chlamydiae"," o__Chlamydiales"," f__Parachlamydiaceae",NA,NA,"0.9578234"
"cb5d08ac09a10e4a26e895ec0a4dac90",1,0,1,0.648064514946846,0.005,"d__Bacteria"," p__Verrucomicrobiota"," c__Chlamydiae"," o__Chlamydiales"," f__Parachlamydiaceae"," g__Candidatus_Protochlamydia",NA,"0.9797002"
"359053202220d642d238f7782010f6bf",1,0,1,0.347131763099235,0.005,"d__Bacteria"," p__Verrucomicrobiota"," c__Chlamydiae"," o__Chlamydiales"," f__Simkaniaceae"," g__Candidatus_Rhabdochlamydia"," s__Candidatus_Rhabdochlamydia","0.8078874"
"5c2b6745ecefc2238304ed98400ca422",1,0,1,0.326011089822048,0.005,"d__Bacteria"," p__Verrucomicrobiota"," c__Chlamydiae"," o__Chlamydiales"," f__Chlamydiaceae"," g__Chlamydiaceae"," s__uncultured_Chlamydia","0.7171096"
"9060552dea549d07a9b8daa0fa48bbc4",1,0,1,0.27896343646063,0.035,"d__Bacteria"," p__Firmicutes"," c__Clostridia"," o__Peptostreptococcales-Tissierellales"," f__Peptostreptococcales-Tissierellales"," g__Murdochiella"," s__Murdochiella_asaccharolytica","0.9907599"
"c4eeb5062ad17b9e41fcf32ae6da3cf0",1,0,1,0.223142074041819,0.02,"d__Bacteria"," p__Fibrobacterota"," c__Fibrobacteria"," o__Fibrobacterales"," f__Fibrobacterales"," g__Chitinispirillum"," s__Chitinispirillum_alkaliphilum","0.7918020"
"4b985a3b1113b5edd39d3c2eca6b456a",1,0,1,0.42182781599372,0.015,"d__Bacteria"," p__Firmicutes"," c__Clostridia"," o__Peptostreptococcales-Tissierellales"," f__Peptostreptococcales-Tissierellales"," g__Finegoldia",NA,"0.9999910"
"bcf9da9ed1c84ecebb08bc58163b83e6",1,0,1,0.355726349852582,0.025,"d__Bacteria"," p__Firmicutes"," c__Clostridia"," o__Peptostreptococcales-Tissierellales"," f__Peptostreptococcales-Tissierellales"," g__Ezakiella",NA,"0.9999845"
"32d8a0c880d419b8b1405508a206afb2",0,1,2,0.362090477707613,0.045,"d__Bacteria"," p__Fibrobacterota"," c__Fibrobacteria"," o__Fibrobacterales"," f__TG3"," g__TG3"," s__uncultured_organism","0.9204767"
"4ddabc298744419a697e71a0d242c066",0,1,2,0.561389996175167,0.005,"d__Bacteria"," p__Bdellovibrionota"," c__Oligoflexia"," o__Silvanigrellales"," f__Silvanigrellaceae"," g__uncultured"," s__uncultured_bacterium","0.7652982"
"01ef20fe26fc7bbaf6ef4cccb6c4afc8",1,0,1,0.81172620440056,0.005,"d__Bacteria"," p__Bdellovibrionota"," c__Oligoflexia"," o__Silvanigrellales"," f__Silvanigrellaceae"," g__Silvanigrella"," s__metagenome","0.8472738"
"c6957726377e315365a0d32e6a4130da",1,0,1,0.272165526975909,0.02,"d__Bacteria"," p__Chloroflexi"," c__Dehalococcoidia"," o__GIF9"," f__AB-539-J10"," g__SCGC-AB-539-J10"," s__uncultured_Chloroflexi","0.8091260"
"dd00a7c90a1096af573035b4f740060d",1,0,1,0.845551666568812,0.005,"d__Bacteria"," p__Actinobacteriota"," c__Acidimicrobiia"," o__uncultured"," f__uncultured"," g__uncultured",NA,"0.9797339"
"e2b45de2d20b2d98e63a1d34ff1f3917",1,0,1,0.799803756695283,0.005,"d__Bacteria"," p__Armatimonadota"," c__Chthonomonadetes"," o__Chthonomonadales"," f__Chthonomonadaceae"," g__Chthonomonas",NA,"0.9949258"
"fd8b3ae154de70543acba831ae8181ec",1,0,1,0.424756314396154,0.005,"d__Bacteria"," p__Chloroflexi"," c__Chloroflexia"," o__Elev-1554"," f__Elev-1554"," g__Elev-1554"," s__uncultured_bacterium","0.7901232"
"a8b12c95622b2669221b6491d346e76a",0,1,2,0.513249630665185,0.01,"d__Bacteria"," p__Patescibacteria"," c__Microgenomatia"," o__Candidatus_Daviesbacteria"," f__Candidatus_Daviesbacteria"," g__Candidatus_Daviesbacteria"," s__uncultured_bacterium","0.9676182"
"8ee20498e2b96a47d3c0925ca7b4c589",0,1,2,0.76896282361165,0.005,"d__Bacteria"," p__Patescibacteria"," c__Microgenomatia"," o__Candidatus_Gottesmanbacteria"," f__Candidatus_Gottesmanbacteria"," g__Candidatus_Gottesmanbacteria"," s__uncultured_bacterium","0.8384879"
"291f68d0b65dd6892b2cfdda4d2da75f",0,1,2,0.629158431398789,0.005,"d__Bacteria"," p__Chloroflexi"," c__Chloroflexia"," o__Thermomicrobiales"," f__AKYG1722"," g__AKYG1722"," s__uncultured_soil","0.9991651"
"3dd9b4b4d523e93c2f399fbf6b6ea671",0,1,2,0.782017912443858,0.005,"d__Bacteria"," p__Chloroflexi"," c__Chloroflexia"," o__Thermomicrobiales"," f__JG30-KF-CM45"," g__JG30-KF-CM45",NA,"0.9971420"
"4d4395b86bfac927ba460a4f6b725dc9",0,1,2,0.589183761898813,0.005,"d__Bacteria"," p__Firmicutes"," c__Negativicutes"," o__uncultured"," f__uncultured"," g__uncultured"," s__uncultured_Sporomusa","0.9085925"
"735b79cf055e09191a078d452cee8ed6",0,1,2,0.654609804230338,0.015,"d__Bacteria"," p__GAL15"," c__GAL15"," o__GAL15"," f__GAL15"," g__GAL15"," s__uncultured_bacterium","0.7002065"
"2fc7c2137958d6ede606d2724565726a",1,0,1,0.708062926987084,0.005,"d__Bacteria"," p__Abditibacteriota"," c__Abditibacteria"," o__Abditibacteriales"," f__Abditibacteriaceae"," g__Abditibacterium"," s__uncultured_soil","0.9012120"
"49afd68fb4533f07c5f10123f9592b87",0,1,2,0.735591902219139,0.005,"d__Bacteria"," p__Chloroflexi"," c__Gitt-GS-136"," o__Gitt-GS-136"," f__Gitt-GS-136"," g__Gitt-GS-136",NA,"0.9986113"
"ce14f0687c79a1904462563ceee951a3",0,1,2,0.807495065241932,0.005,"d__Bacteria"," p__Chloroflexi"," c__P2-11E"," o__P2-11E"," f__P2-11E"," g__P2-11E"," s__uncultured_bacterium","0.9935281"
"d5938df279a63944e03ff0df48ce313c",0,1,2,0.59516608695023,0.005,"d__Bacteria"," p__Chloroflexi"," c__Chloroflexia"," o__Chloroflexales"," f__Roseiflexaceae",NA,NA,"0.7421953"
"d1cc55f2814d9098ec18f1daf2305381",0,1,2,0.372476070903669,0.03,"d__Bacteria"," p__Chloroflexi"," c__Chloroflexia"," o__Chloroflexales"," f__Roseiflexaceae"," g__Kouleothrix"," s__uncultured_bacterium","0.8872527"
"3b41803a14a4cb22ca75547c4e208ac7",0,1,2,0.740187050137834,0.005,"d__Bacteria"," p__Chloroflexi"," c__Ktedonobacteria"," o__Ktedonobacterales"," f__Ktedonobacteraceae"," g__uncultured"," s__uncultured_bacterium","0.9941863"
"bf559a331e401ee071ddcac26faf71ab",0,1,2,0.432908591912242,0.02,"d__Bacteria"," p__Chloroflexi"," c__Ktedonobacteria"," o__Ktedonobacterales"," f__Ktedonobacteraceae"," g__FCPS473"," s__uncultured_Ktedobacteria","0.9966493"
"f3a19c5190d5264025a2fc3535740e8d",1,0,1,0.641598884855888,0.005,"d__Bacteria"," p__Chloroflexi"," c__Ktedonobacteria"," o__Ktedonobacterales"," f__Ktedonobacteraceae"," g__G12-WMSP1"," s__uncultured_Chloroflexi","0.9905065"
"8f85b241dc38d15a00c14fea5deab934",0,1,2,0.478218291521804,0.01,"d__Bacteria"," p__Chloroflexi"," c__Ktedonobacteria"," o__Ktedonobacterales"," f__Ktedonobacteraceae"," g__BacC-u-018",NA,"0.9999902"
"8fa8809ba4be447a77482198aba0d9bb",0,1,2,0.79097452076231,0.005,"d__Bacteria"," p__Chloroflexi"," c__Ktedonobacteria"," o__C0119"," f__C0119"," g__C0119"," s__uncultured_soil","0.8505770"
"a70cd6ca442c5dac022586656981dac6",1,0,1,0.434871926631221,0.025,"d__Bacteria"," p__Chloroflexi"," c__Dehalococcoidia"," o__MSBL5"," f__MSBL5"," g__MSBL5",NA,"0.8989720"
"e3cb5ce803f0465caeec22526ee17740",0,1,2,0.828522559227235,0.005,"d__Bacteria"," p__Chloroflexi"," c__Anaerolineae"," o__Anaerolineales"," f__Anaerolineaceae"," g__UTCFX1",NA,"0.9800982"
"743afd220de35670624e913d03552b8e",0,1,2,0.7313429042117,0.005,"d__Bacteria"," p__Chloroflexi"," c__Anaerolineae"," o__Anaerolineales"," f__Anaerolineaceae"," g__Anaerolineaceae_UCG-001"," s__uncultured_bacterium","0.7161124"
"d3538df05a6df2208840d343cea97500",0,1,2,0.487988498931358,0.01,"d__Bacteria"," p__Chloroflexi"," c__Anaerolineae"," o__Anaerolineales"," f__Anaerolineaceae"," g__Longilinea",NA,"0.7014578"
"c037881dcb46813661b3210f67714984",0,1,2,0.644396438824254,0.005,"d__Bacteria"," p__Chloroflexi"," c__Anaerolineae"," o__Anaerolineales"," f__Anaerolineaceae"," g__Levilinea",NA,"0.9919437"
"709f2869e9e2a8e64c5ce6fa4153f627",0,1,2,0.450121837188709,0.025,"d__Bacteria"," p__Chloroflexi"," c__Anaerolineae"," o__SBR1031"," f__A4b"," g__OLB13",NA,"0.9957227"
"cf61e8baeae1e534abe4db55ba8a4d83",0,1,2,0.49832217826374,0.005,"d__Bacteria"," p__Chloroflexi"," c__Anaerolineae"," o__SBR1031"," f__A4b",NA,NA,"0.8247179"
"5d39c619788ecdeff2b416d81b94eb62",0,1,2,0.556581528842196,0.005,"d__Bacteria"," p__Modulibacteria"," c__Moduliflexia"," o__Moduliflexales"," f__Moduliflexaceae"," g__Candidatus_Moduliflexus"," s__bacterium_UASB14","0.9761370"
"278b97d188c2f1d240566e04f2e29ac1",1,0,1,0.406370411044218,0.005,"d__Bacteria"," p__Armatimonadota"," c__Fimbriimonadia"," o__Fimbriimonadales"," f__Fimbriimonadaceae",NA,NA,"0.9965738"
"4485f365c8d8aee4f3c669753b142ddd",1,0,1,0.408248290463863,0.005,"d__Bacteria"," p__Armatimonadota"," c__Fimbriimonadia"," o__Fimbriimonadales"," f__Fimbriimonadaceae"," g__Fimbriimonas"," s__metagenome","0.7127052"
"b3c177a40a696a7dd75a1b3687f27cab",1,0,1,0.836008071496615,0.005,"d__Bacteria"," p__WPS-2"," c__WPS-2"," o__WPS-2"," f__WPS-2"," g__WPS-2"," s__uncultured_forest","0.9993996"
"c50f5c084eeb7626cb6d494bc145d636",0,1,2,0.739885527783993,0.005,"d__Bacteria"," p__Chloroflexi"," c__Anaerolineae"," o__Anaerolineae"," f__Anaerolineae"," g__Anaerolineae"," s__uncultured_Bellilinea","0.9995994"
"022f7f11b0f5ece2d653e577202d37c1",0,1,2,0.377569605301029,0.035,"d__Bacteria"," p__Verrucomicrobiota"," c__Verrucomicrobiae"," o__Verrucomicrobiales"," f__Rubritaleaceae"," g__Roseibacillus"," s__museum_specimen","0.8795306"
"657b735f5617007146062fdd1fa4661a",0,1,2,0.532896412464215,0.005,"d__Bacteria"," p__Verrucomicrobiota"," c__Verrucomicrobiae"," o__Verrucomicrobiales"," f__DEV007"," g__DEV007",NA,"0.9919876"
"9525bdca5beb08020a853778edca99fa",0,1,2,0.329690236697893,0.035,"d__Bacteria"," p__Verrucomicrobiota"," c__Verrucomicrobiae"," o__Verrucomicrobiales"," f__Rubritaleaceae"," g__Rubritaleaceae"," s__uncultured_bacterium","0.9992135"
"0f8b8ead122fe6ebab4c42fe2a8f18bd",1,0,1,0.831929841048575,0.005,"d__Bacteria"," p__Verrucomicrobiota"," c__Verrucomicrobiae"," o__Pedosphaerales"," f__Pedosphaeraceae"," g__Pedosphaera"," s__uncultured_bacterium","0.9338968"
"07766777faee100f62c65af72b492fb4",0,1,2,0.660697279402421,0.005,"d__Bacteria"," p__Verrucomicrobiota"," c__Verrucomicrobiae"," o__Pedosphaerales"," f__Pedosphaeraceae"," g__Ellin517"," s__uncultured_soil","0.7769202"
"66596ff9ebb0e561d98cb26124ab916b",0,1,2,0.859137895928155,0.005,"d__Bacteria"," p__Verrucomicrobiota"," c__Verrucomicrobiae"," o__Pedosphaerales"," f__Pedosphaeraceae"," g__DEV008"," s__metagenome","0.9931685"
"8615435623c4611888e9c21f12322aa3",0,1,2,0.676503845945116,0.01,"d__Bacteria"," p__Verrucomicrobiota"," c__Verrucomicrobiae"," o__Pedosphaerales"," f__Pedosphaeraceae"," g__Oikopleura"," s__uncultured_bacterium","0.9036453"
"516f1a2fe0b5f879050fdb3cc2e8c964",1,0,1,0.892257838181911,0.005,"d__Bacteria"," p__Verrucomicrobiota"," c__Verrucomicrobiae"," o__Methylacidiphilales"," f__Methylacidiphilaceae"," g__uncultured"," s__uncultured_bacterium","0.8642244"
"e3f7701b0ebce51360e6f80a3bd738d5",1,0,1,0.463888282932066,0.005,"d__Bacteria"," p__Verrucomicrobiota"," c__Verrucomicrobiae"," o__Opitutales"," f__Puniceicoccaceae"," g__Cerasicoccus",NA,"0.8486910"
"8ab3cd57cb5e6be08dbeddb1791347bc",1,0,1,0.799417568550524,0.005,"d__Bacteria"," p__Verrucomicrobiota"," c__Verrucomicrobiae"," o__Opitutales"," f__Opitutaceae"," g__uncultured"," s__uncultured_bacterium","0.9338938"
"9d9965c1e109cec6b6f4c08e2322c6b7",0,1,2,0.681471459352858,0.005,"d__Bacteria"," p__Verrucomicrobiota"," c__Verrucomicrobiae"," o__Opitutales"," f__Opitutaceae"," g__Alterococcus"," s__uncultured_bacterium","0.9986168"
"e32d90a247deb910289e79a8f9806fba",0,1,2,0.604975054392685,0.005,"d__Bacteria"," p__Patescibacteria"," c__ABY1"," o__Candidatus_Kerfeldbacteria"," f__Candidatus_Kerfeldbacteria"," g__Candidatus_Kerfeldbacteria"," s__Parcubacteria_group","0.9844597"
"79ad28e8d52b2aa42422c9f6ebf99490",0,1,2,0.671950887232811,0.005,"d__Bacteria"," p__Patescibacteria"," c__Parcubacteria"," o__Candidatus_Yanofskybacteria"," f__Candidatus_Yanofskybacteria"," g__Candidatus_Yanofskybacteria"," s__Candidatus_Yanofskybacteria","0.8448570"
"bd2b9ff70574b09c3d2c35b93fd7ddc8",0,1,2,0.41309409362262,0.02,"d__Bacteria"," p__Patescibacteria"," c__ABY1"," o__Candidatus_Komeilibacteria"," f__Candidatus_Komeilibacteria"," g__Candidatus_Komeilibacteria"," s__uncultured_bacterium","0.9876794"
"0b588c6dc6dd9660425928b2a9299556",0,1,2,0.667765478835797,0.005,"d__Bacteria"," p__Patescibacteria"," c__Parcubacteria"," o__Candidatus_Wolfebacteria"," f__Candidatus_Wolfebacteria"," g__Candidatus_Wolfebacteria"," s__Candidatus_Wolfebacteria","0.9343169"
"5f22f5a1bbd2084702d4733dd6dcd75c",0,1,2,0.442325868464691,0.005,"d__Bacteria"," p__Cyanobacteria"," c__Cyanobacteriia"," o__Cyanobacteriales"," f__Nostocaceae"," g__Anabaena_PCC-7122",NA,"0.7138660"
"ae38bce7f2484ab8aa9ccf487a75a69b",0,1,2,0.520437857293433,0.005,"d__Bacteria"," p__Cyanobacteria"," c__Cyanobacteriia"," o__Cyanobacteriales"," f__Nostocaceae"," g__Tolypothrix",NA,"0.8403068"
"28e6f13eda5087c16d26436b392cc1cf",0,1,2,0.729135122473939,0.005,"d__Bacteria"," p__Cyanobacteria"," c__Cyanobacteriia"," o__Cyanobacteriales"," f__Nostocaceae"," g__Aphanizomenon_NIES81"," s__Anabaena_sedovii","0.7222350"
"1f19bfd8c9bbaf0204d49af39311d34f",0,1,2,0.533032310900148,0.005,"d__Bacteria"," p__Cyanobacteria"," c__Cyanobacteriia"," o__Cyanobacteriales"," f__Nostocaceae"," g__Nostoc_PCC-8976"," s__Nostoc_sp.","0.8674793"
"b99c7cd15b8b4c6ae49fbc48a9615a86",0,1,2,0.616155984453036,0.005,"d__Bacteria"," p__Cyanobacteria"," c__Cyanobacteriia"," o__Cyanobacteriales"," f__Nostocaceae"," g__Trichormus_HINDAK_2001-4",NA,"0.7819336"
"70253d43a6f412a0aaecf7678e121e41",0,1,2,0.64390382459896,0.005,"d__Bacteria"," p__Cyanobacteria"," c__Cyanobacteriia"," o__Cyanobacteriales"," f__Nostocaceae"," g__Nostoc_PCC-7524",NA,"0.9704757"
"cbe12ab99bc5e690898e441f9a1de36a",0,1,2,0.391466227506445,0.035,"d__Bacteria"," p__Cyanobacteria"," c__Cyanobacteriia"," o__Cyanobacteriales"," f__Nostocaceae"," g__Cuspidothrix_LMECYA_163",NA,"0.9789175"
"30ab12f7299d6ce5292a37691934fc68",0,1,2,0.510753918455249,0.005,"d__Bacteria"," p__Cyanobacteria"," c__Cyanobacteriia"," o__Cyanobacteriales"," f__Nostocaceae"," g__Sphaerospermopsis_BCCUSP55"," s__uncultured_bacterium","0.7228051"
"c4d94b711fb81978139c95bd63b93c63",0,1,2,0.57382359491806,0.005,"d__Bacteria"," p__Cyanobacteria"," c__Cyanobacteriia"," o__Cyanobacteriales"," f__Nostocaceae"," g__Anabaena_XPORK15F"," s__uncultured_cyanobacterium","0.8882124"
"9ab10a42c2d42337ea2e83bad24b721f",0,1,2,0.306924907022426,0.045,"d__Bacteria"," p__Cyanobacteria"," c__Cyanobacteriia"," o__Cyanobacteriales"," f__Nostocaceae"," g__Cylindrospermopsis_CRJ1",NA,"0.7546317"
"c84d46e0de32a5fa441cc3fc09041da6",0,1,2,0.416223130245549,0.01,"d__Bacteria"," p__Cyanobacteria"," c__Cyanobacteriia"," o__Cyanobacteriales"," f__Nostocaceae"," g__Desmonostoc_PCC-7422",NA,"0.9928411"
"7d71a6622bfa6cfbf222b86c7ce4aa00",0,1,2,0.436486730413807,0.04,"d__Bacteria"," p__Cyanobacteria"," c__Cyanobacteriia"," o__Cyanobacteriales"," f__Nostocaceae"," g__Nostoc_PCC-7107",NA,"0.7158623"
"02ba554da9ff558ce63f1b932f99c6a8",0,1,2,0.525964543887113,0.005,"d__Bacteria"," p__Cyanobacteria"," c__Cyanobacteriia"," o__Cyanobacteriales"," f__Nostocaceae"," g__Cylindrospermum_PCC-7417",NA,"0.9278376"
"fa10f5bcfe038792e8031aaea963505d",0,1,2,0.553441345516315,0.005,"d__Bacteria"," p__Cyanobacteria"," c__Cyanobacteriia"," o__Oxyphotobacteria_Incertae_Sedis"," f__Unknown_Family"," g__Oscillatoria_SAG_1459-8"," s__uncultured_bacterium","0.8327329"
"c59a57dc2832bae59bc65892391f8cb8",0,1,2,0.361157559257308,0.01,"d__Bacteria"," p__Cyanobacteria"," c__Cyanobacteriia"," o__Oxyphotobacteria_Incertae_Sedis"," f__Unknown_Family"," g__Leptolyngbya_EcFYyyy-00"," s__uncultured_bacterium","0.9326442"
"177c6d9f9a212e84a46f71ce152f82c2",0,1,2,0.438003107142223,0.005,"d__Bacteria"," p__Cyanobacteria"," c__Cyanobacteriia"," o__Oxyphotobacteria_Incertae_Sedis"," f__Unknown_Family"," g__EcFYyy-200",NA,"0.9854509"
"331542a8a892dd109aedee8ede9cc704",0,1,2,0.573040581451625,0.005,"d__Bacteria"," p__Cyanobacteria"," c__Cyanobacteriia"," o__Cyanobacteriales"," f__Coleofasciculaceae"," g__Microcoleus_PCC-7113"," s__Microcoleus_sp.","0.9829172"
"dc1034a96d7572a3f3708db5dccd48c4",0,1,2,0.408248290463863,0.01,"d__Bacteria"," p__Cyanobacteria"," c__Cyanobacteriia"," o__Cyanobacteriales"," f__Coleofasciculaceae"," g__uncultured"," s__uncultured_bacterium","0.9128901"
"2ca32b9b064d1e5befca4c38ca73a0fb",1,0,1,0.293234825784835,0.02,"d__Bacteria"," p__Cyanobacteria"," c__Cyanobacteriia"," o__Cyanobacteriia"," f__Cyanobacteriia"," g__Cyanobacteriia"," s__Rhabdogloea_smithii","0.9922418"
"54800e78f6b136944186cd3bcea20161",0,1,2,0.457153842639809,0.01,"d__Bacteria"," p__Cyanobacteria"," c__Cyanobacteriia"," o__Cyanobacteriales"," f__Phormidiaceae"," g__Lyngbya_PCC-7419",NA,"0.8662457"
"0a22e9ac58c8acae700f6ed943f2f280",0,1,2,0.614929691676513,0.01,"d__Bacteria"," p__Cyanobacteria"," c__Cyanobacteriia"," o__Cyanobacteriales"," f__Phormidiaceae"," g__Planktothrix_NIVA-CYA_15",NA,"0.9987091"
"8c5fe48ce3835f18fc110ab6bb4d6379",0,1,2,0.635260185867201,0.005,"d__Bacteria"," p__Cyanobacteria"," c__Cyanobacteriia"," o__Oxyphotobacteria_Incertae_Sedis"," f__Unknown_Family",NA,NA,"0.7996713"
"503b9baef7a381506af36e2c727aa348",0,1,2,0.719436505263286,0.005,"d__Bacteria"," p__Cyanobacteria"," c__Cyanobacteriia"," o__Oxyphotobacteria_Incertae_Sedis"," f__Unknown_Family"," g__Leptolyngbya_ANT.L52.2",NA,"0.9951299"
"4352c0e3c6c8bde72e8d55733ea1f6e8",0,1,2,0.422576100616369,0.03,"d__Bacteria"," p__Cyanobacteria"," c__Cyanobacteriia"," o__Oxyphotobacteria_Incertae_Sedis"," f__Unknown_Family"," g__CENA518"," s__Leptolyngbya_sp.","0.9996798"
"5d0f1bae3287a358324c032d694a9f73",0,1,2,0.663479581692137,0.005,"d__Bacteria"," p__Cyanobacteria"," c__Cyanobacteriia"," o__Cyanobacteriales"," f__Microcystaceae"," g__Snowella_0TU37S04",NA,"0.9704978"
"ec5f6d196d34906b8e169f195fbf811f",0,1,2,0.399274704752345,0.01,"d__Bacteria"," p__Cyanobacteria"," c__Cyanobacteriia"," o__Cyanobacteriales"," f__Microcystaceae"," g__Cyanothece_PCC-7424",NA,"0.7450544"
"be9d97b4b108e0de23708404bed6fda9",0,1,2,0.294883912309794,0.04,"d__Bacteria"," p__Cyanobacteria"," c__Cyanobacteriia"," o__Oxyphotobacteria_Incertae_Sedis"," f__Unknown_Family"," g__Leptolyngbya_VRUC_135",NA,"0.9996615"
"317f40b2badde1fd970ad6fe4abeeca0",0,1,2,0.395145321732561,0.02,"d__Bacteria"," p__Cyanobacteria"," c__Cyanobacteriia"," o__Leptolyngbyales"," f__Leptolyngbyaceae"," g__Pantalinema"," s__uncultured_bacterium","0.7338699"
"5d2381f3a0ab18ff1ec0a1c601e42e4d",0,1,2,0.396097587935427,0.015,"d__Bacteria"," p__Cyanobacteria"," c__Cyanobacteriia"," o__Oxyphotobacteria_Incertae_Sedis"," f__Unknown_Family"," g__Phormidium_SAG_37.90",NA,"0.9654177"
"526a7432f07ea8daed6fe946f19a2478",0,1,2,0.577438872375749,0.015,"d__Bacteria"," p__Cyanobacteria"," c__Cyanobacteriia"," o__Phormidesmiales"," f__Nodosilineaceae"," g__Nodosilinea_PCC-7104",NA,"0.9993755"
"d6f3717d4a387482998f803a10baa29a",0,1,2,0.672214456287121,0.005,"d__Bacteria"," p__Patescibacteria"," c__Microgenomatia"," o__Candidatus_Pacebacteria"," f__Candidatus_Pacebacteria"," g__Candidatus_Pacebacteria",NA,"0.7620626"
"402e1edcccc7be3007cddfbbde14d2d2",0,1,2,0.774262901153921,0.005,"d__Bacteria"," p__Patescibacteria"," c__Microgenomatia"," o__Candidatus_Collierbacteria"," f__Candidatus_Collierbacteria"," g__Candidatus_Collierbacteria",NA,"0.9544772"
"5904f5e90613b0a6e8ba9c2062ac7557",0,1,2,0.371054119260641,0.015,"d__Bacteria"," p__Patescibacteria"," c__Saccharimonadia"," o__Saccharimonadales"," f__S32"," g__TM7"," s__uncultured_bacterium","0.8493692"
"aecdf24986c5747bff0b03f4c04cc3da",1,0,1,0.505818917185368,0.005,"d__Bacteria"," p__Patescibacteria"," c__Saccharimonadia"," o__Saccharimonadales"," f__LWQ8"," g__LWQ8",NA,"0.9732368"
"1a3ceac4817af712da875a03baec2daa",1,0,1,0.381212095053338,0.015,"d__Bacteria"," p__Firmicutes"," c__Clostridia"," o__Lachnospirales"," f__Lachnospiraceae"," g__Tyzzerella",NA,"0.8401640"
"98d4b9d2ba43b81106fc3de61ac86181",0,1,2,0.6667196553172,0.005,"d__Bacteria"," p__Firmicutes"," c__Clostridia"," o__Clostridiales"," f__Clostridiaceae"," g__Clostridium_sensu_stricto_8",NA,"0.7622179"
"886d03a0081de23ec955e006c892d278",0,1,2,0.503610155185335,0.01,"d__Bacteria"," p__Firmicutes"," c__Clostridia"," o__Clostridiales"," f__Oxobacteraceae"," g__Oxobacter"," s__uncultured_Clostridium","0.9939371"
"71d2ad73b8b5b5e592fbc06776286b35",0,1,2,0.695204937922268,0.005,"d__Bacteria"," p__Firmicutes"," c__Clostridia"," o__Clostridia"," f__Gracilibacteraceae"," g__Lutispora"," s__uncultured_bacterium","0.7613632"
"0dd76abedba15d36e516c56e3ff46c37",0,1,2,0.473959577558488,0.005,"d__Bacteria"," p__Firmicutes"," c__Clostridia"," o__Clostridia"," f__Gracilibacteraceae",NA,NA,"0.8685789"
"eb936e11d7ebcee3b2839108b20a2781",0,1,2,0.361157559257308,0.015,"d__Bacteria"," p__Firmicutes"," c__Clostridia"," o__Clostridia"," f__Gracilibacteraceae"," g__Gracilibacter",NA,"0.7131129"
"927d629ab9afe0c8e2820e39659aa425",0,1,2,0.364395715812929,0.015,"d__Bacteria"," p__Chloroflexi"," c__Dehalococcoidia"," o__FW22"," f__FW22"," g__FW22"," s__uncultured_Dehalogenimonas","0.9997478"
"c7e1939214446cbf6015493c918ae166",0,1,2,0.554165474890246,0.01,"d__Bacteria"," p__Chloroflexi"," c__Dehalococcoidia"," o__661239"," f__661239"," g__661239"," s__uncultured_bacterium","0.9439323"
"b131f33ab8de47509fc38fae3398f57b",0,1,2,0.434057366141216,0.015,"d__Bacteria"," p__Firmicutes"," c__Desulfitobacteriia"," o__Desulfitobacteriales"," f__Syntrophobotulaceae"," g__Dehalobacter",NA,"0.7344890"
"fe352f6fc5a0942168b0904404d120d4",1,0,1,0.628952111724995,0.005,"d__Bacteria"," p__Firmicutes"," c__Negativicutes"," o__Acidaminococcales"," f__Acidaminococcaceae"," g__Phascolarctobacterium"," s__uncultured_Veillonellaceae","0.7506655"
"e20b69a95feb2cdf8e34773aa418caa3",0,1,2,0.321796916647572,0.035,"d__Bacteria"," p__Firmicutes"," c__Negativicutes"," o__Veillonellales-Selenomonadales"," f__Sporomusaceae",NA,NA,"0.7673620"
"d3d96f10d36eaf7ad967aeac1b7392ea",0,1,2,0.519847738860888,0.005,"d__Bacteria"," p__Firmicutes"," c__Negativicutes"," o__Veillonellales-Selenomonadales"," f__Sporomusaceae"," g__Sporomusa",NA,"0.9997146"
"16a722861f81b204c216319adb81abd5",0,1,2,0.530708857365968,0.01,"d__Bacteria"," p__Firmicutes"," c__Clostridia"," o__Christensenellales"," f__Christensenellaceae",NA,NA,"0.7520508"
"b2c057b1df0950d0b2a0da0f5c92f5aa",0,1,2,0.452702765830575,0.015,"d__Bacteria"," p__Gemmatimonadota"," c__AKAU4049"," o__AKAU4049"," f__AKAU4049"," g__AKAU4049"," s__uncultured_bacterium","0.9933238"
"95c1029643d7447293b27330aa03ac91",0,1,2,0.401010786837467,0.04,"d__Bacteria"," p__Firmicutes"," c__Clostridia"," o__Clostridia"," f__Hungateiclostridiaceae"," g__Pseudobacteroides"," s__uncultured_bacterium","0.9035025"
"a9688e9782e1fd149fc5a9fd382efd56",0,1,2,0.817565178108795,0.005,"d__Bacteria"," p__Firmicutes"," c__Clostridia"," o__Clostridia"," f__Hungateiclostridiaceae"," g__Ruminiclostridium",NA,"0.8914024"
"c81eb8ed78e13826c4f8448ac03ccb91",0,1,2,0.618856599278175,0.005,"d__Bacteria"," p__Firmicutes"," c__Clostridia"," o__Oscillospirales"," f__UCG-010"," g__UCG-010"," s__uncultured_eubacterium","0.8846406"
"5600d26a4996dee0bec97fe5d73163eb",0,1,2,0.60265450823156,0.005,"d__Bacteria"," p__Firmicutes"," c__Clostridia"," o__Lachnospirales"," f__Lachnospiraceae"," g__uncultured"," s__Clostridiaceae_bacterium","0.9261316"
"0c2e870d592b37f807380f1629809882",0,1,2,0.683520804952388,0.005,"d__Bacteria"," p__Firmicutes"," c__Clostridia"," o__Lachnospirales"," f__uncultured"," g__uncultured"," s__uncultured_bacterium","0.8298723"
"e35471f08ef81cccc746449680bbafc7",1,0,1,0.735375568236352,0.01,"d__Bacteria"," p__Firmicutes"," c__Clostridia"," o__Oscillospirales"," f__Ruminococcaceae"," g__Faecalibacterium",NA,"0.9950669"
"484222d161de0edf084a4fa4a855baf3",0,1,2,0.388300977679521,0.02,"d__Bacteria"," p__Firmicutes"," c__Clostridia"," o__Lachnospirales"," f__Lachnospiraceae"," g__Lachnoanaerobaculum",NA,"0.9981240"
"94e9a505623a0282a5730b3d2333b6a1",0,1,2,0.577500891648151,0.02,"d__Bacteria"," p__Bacteroidota"," c__Bacteroidia"," o__Cytophagales"," f__Hymenobacteraceae"," g__Pontibacter",NA,"0.8557325"
"23f1db5d5a0b4c40023541a3f63d1c3f",0,1,2,0.408248290463863,0.01,"d__Bacteria"," p__Bacteroidota"," c__Bacteroidia"," o__Cytophagales"," f__Cytophagaceae"," g__Rhodocytophaga",NA,"0.9949003"
"9e0487da12fa02a533a97ca79455fe43",0,1,2,0.361342681493726,0.04,"d__Bacteria"," p__Bacteroidota"," c__Bacteroidia"," o__Cytophagales"," f__Cyclobacteriaceae"," g__uncultured",NA,"0.9975822"
"cb319eea39fc7d65d7b7f9542d3e789b",0,1,2,0.373799628823153,0.01,"d__Bacteria"," p__Bacteroidota"," c__Bacteroidia"," o__Cytophagales"," f__Spirosomaceae"," g__Pseudarcicella",NA,"0.9414556"
"5968732ff721c57dcadafba4d750b14a",0,1,2,0.5529147359273,0.005,"d__Bacteria"," p__Bacteroidota"," c__Bacteroidia"," o__Cytophagales"," f__Microscillaceae"," g__Chryseolinea",NA,"0.9670068"
"b392ea3fb5f7aa3bcf9a29f2d16a6d27",0,1,2,0.764976076167411,0.005,"d__Bacteria"," p__Bacteroidota"," c__Bacteroidia"," o__Cytophagales"," f__Microscillaceae"," g__OLB12"," s__uncultured_bacterium","0.7218559"
"d971746a4b63755affedb189c0345565",0,1,2,0.713668079672036,0.005,"d__Bacteria"," p__Bacteroidota"," c__Bacteroidia"," o__Cytophagales"," f__Hymenobacteraceae"," g__Adhaeribacter"," s__uncultured_Adhaeribacter","0.8802826"
"938b3461ddbe22e09738bc1a8798d3c1",1,0,1,0.689638557428794,0.005,"d__Bacteria"," p__Bacteroidota"," c__Bacteroidia"," o__Cytophagales"," f__Cytophagaceae"," g__Cytophaga"," s__Cytophaga_hutchinsonii","0.9751347"
"ad5683fa5e3b5242a8aac33bd50abe22",0,1,2,0.50385961388711,0.005,"d__Bacteria"," p__Bacteroidota"," c__Bacteroidia"," o__Sphingobacteriales"," f__Sphingobacteriaceae"," g__Solitalea"," s__uncultured_Solitalea","0.7239026"
"72cd042474ae771736c42b08a82913cc",0,1,2,0.593076753416734,0.005,"d__Bacteria"," p__Bacteroidota"," c__Bacteroidia"," o__Bacteroidales"," f__Marinilabiliaceae"," g__[Cytophaga]_xylanolytica_group",NA,"0.9673860"
"62d08a43b46b38389ff28a9755adc28c",0,1,2,0.454647209141207,0.025,"d__Bacteria"," p__Bacteroidota"," c__Bacteroidia"," o__Flavobacteriales"," f__Flavobacteriaceae"," g__Maritimimonas"," s__uncultured_prokaryote","0.8110970"
"d8efd44bf7595efdf049a36603307816",1,0,1,0.797355085523377,0.005,"d__Bacteria"," p__Bacteroidota"," c__Bacteroidia"," o__Sphingobacteriales"," f__CWT_CU03-E12"," g__CWT_CU03-E12"," s__bacterium_enrichment","0.7474049"
"9b74c2c3cb4c89f71dfcb260027bcf52",1,0,1,0.858190234138274,0.005,"d__Bacteria"," p__Bacteroidota"," c__Bacteroidia"," o__Sphingobacteriales"," f__Sphingobacteriaceae"," g__Mucilaginibacter",NA,"0.9453465"
"f4f6708d07de15cb47f8c96d0e3817ae",0,1,2,0.615049779286239,0.005,"d__Bacteria"," p__Bacteroidota"," c__Bacteroidia"," o__Bacteroidales"," f__Dysgonomonadaceae"," g__uncultured"," s__uncultured_soil","0.8183080"
"d6c2d2c99ae489b778c82059d33a37ad",1,0,1,0.705491396451499,0.01,"d__Bacteria"," p__Bacteroidota"," c__Bacteroidia"," o__Bacteroidales"," f__Tannerellaceae"," g__Parabacteroides"," s__Parabacteroides_merdae","0.9096027"
"fb60df3639fc4aa5af8df9f96ed8c939",0,1,2,0.38327012211923,0.015,"d__Bacteria"," p__Bacteroidota"," c__Bacteroidia"," o__Bacteroidales"," f__M2PB4-65_termite_group"," g__M2PB4-65_termite_group"," s__metagenome","0.9439321"
"a0eb60285df99b31a0d0ea3329551376",0,1,2,0.408248290463863,0.015,"d__Bacteria"," p__Bacteroidota"," c__Bacteroidia"," o__Bacteroidales"," f__Rikenellaceae"," g__uncultured",NA,"0.9508880"
"91322218d9ac05b0cf98126513d9ac65",0,1,2,0.48646745362472,0.025,"d__Bacteria"," p__Bacteroidota"," c__Bacteroidia"," o__Cytophagales"," f__Spirosomaceae"," g__Lacihabitans",NA,"0.9983897"
"41bb21240f2dc8baf38920707a6773fa",0,1,2,0.456545036159249,0.03,"d__Bacteria"," p__Bacteroidota"," c__Bacteroidia"," o__Sphingobacteriales"," f__Z4MB62"," g__Z4MB62"," s__uncultured_bacterium","0.9063967"
"121dc9ddaa8352e91378fe71c488f7f1",1,0,1,0.430331482911935,0.005,"d__Bacteria"," p__Bacteroidota"," c__Kryptonia"," o__Kryptoniales"," f__Kryptoniaceae"," g__Kryptoniaceae"," s__uncultured_bacterium","0.8835361"
"97e9286fef6a7d54fdbc55f7ee6420b5",0,1,2,0.695690853434139,0.005,"d__Bacteria"," p__Bacteroidota"," c__Bacteroidia"," o__Chitinophagales"," f__Chitinophagaceae"," g__Dinghuibacter",NA,"0.7906567"
"39d29ea501a80e3cf3505c000c89126e",1,0,1,0.52740834594043,0.005,"d__Bacteria"," p__Bacteroidota"," c__Bacteroidia"," o__Chitinophagales"," f__Chitinophagaceae"," g__Parafilimonas",NA,"0.9993209"
"ade3245fca78c4a8aa3d4c185e87f575",1,0,1,0.745924894291992,0.005,"d__Bacteria"," p__Bacteroidota"," c__Bacteroidia"," o__Chitinophagales"," f__Chitinophagaceae"," g__Puia",NA,"0.7278613"
"2f6098b6524f3bd96fadf0f80df6e53e",0,1,2,0.503370661884939,0.01,"d__Bacteria"," p__Bacteroidota"," c__Bacteroidia"," o__Chitinophagales"," f__Chitinophagaceae"," g__Niastella",NA,"0.7617110"
"a2458d516d549cb148a1c012938fe74e",0,1,2,0.801725838893837,0.005,"d__Bacteria"," p__Bacteroidota"," c__Bacteroidia"," o__Chitinophagales"," f__Chitinophagaceae"," g__Terrimonas",NA,"0.8636584"
"f9a4c36ca2b86159f21543c7e5551e9f",0,1,2,0.546810287602003,0.005,"d__Bacteria"," p__Bacteroidota"," c__Bacteroidia"," o__Chitinophagales"," f__Chitinophagaceae"," g__Flavihumibacter",NA,"0.9911674"
"7034b187f353c3c97ae4eff06d52422c",1,0,1,0.285752211999448,0.04,"d__Bacteria"," p__Bacteroidota"," c__Bacteroidia"," o__Chitinophagales"," f__Chitinophagaceae"," g__Parasediminibacterium",NA,"0.9567443"
"282a0370aa59d44a852cd48e1bda960d",1,0,1,0.606536856799249,0.005,"d__Bacteria"," p__Bacteroidota"," c__Bacteroidia"," o__Chitinophagales"," f__Chitinophagaceae"," g__Heliimonas",NA,"0.7605640"
"170c1f000367d3b04e957608c4969bcf",0,1,2,0.681061920537929,0.005,"d__Bacteria"," p__Firmicutes"," c__Clostridia"," o__Clostridia"," f__Hungateiclostridiaceae"," g__UCG-012"," s__bacterium_enrichment","0.7931298"
"a9bab310b0809611ca7ad3fa74c80a1f",0,1,2,0.547822763612159,0.005,"d__Bacteria"," p__Firmicutes"," c__Clostridia"," o__Oscillospirales"," f__Oscillospiraceae",NA,NA,"0.8853495"
"5bf0e8ae7928918fc562d284b55db092",0,1,2,0.470723796415997,0.005,"d__Bacteria"," p__Firmicutes"," c__Clostridia"," o__Oscillospirales"," f__Oscillospiraceae"," g__Sporobacter"," s__uncultured_Ruminococcaceae","0.8138390"
"36a2a9ee39e633e5eea65f19337bd06b",0,1,2,0.712450665895899,0.005,"d__Bacteria"," p__Fibrobacterota"," c__Fibrobacteria"," o__Fibrobacterales"," f__Fibrobacteraceae"," g__possible_genus_04",NA,"0.9999809"
"57061588d9f6372271fb788ebb2c6185",0,1,2,0.44344374069712,0.02,"d__Bacteria"," p__Cloacimonadota"," c__Cloacimonadia"," o__Cloacimonadales"," f__SHA-41"," g__SHA-41"," s__uncultured_bacterium","0.9703416"
"f62f3c9007187b6e26806cefde3dc0e4",0,1,2,0.531398816181066,0.01,"d__Bacteria"," p__Actinobacteriota"," c__Acidimicrobiia"," o__Microtrichales"," f__Ilumatobacteraceae"," g__Ilumatobacter",NA,"0.7504340"
"a1fef4f68d0bcfb76cc9fe2e193415fd",1,0,1,0.272165526975909,0.015,"d__Bacteria"," p__Actinobacteriota"," c__Acidimicrobiia"," o__Acidimicrobiales"," f__Acidimicrobiaceae"," g__Ferrimicrobium",NA,"0.8325179"
"9f0f67bf512de649724c811485f7e094",0,1,2,0.688807269487143,0.005,"d__Bacteria"," p__Actinobacteriota"," c__Acidimicrobiia"," o__Actinomarinales"," f__uncultured"," g__uncultured"," s__uncultured_soil","0.9483015"
"7513f0419f05c39587534b0d7757e028",1,0,1,0.703520960470057,0.005,"d__Bacteria"," p__Cyanobacteria"," c__Vampirivibrionia"," o__Obscuribacterales"," f__Obscuribacteraceae",NA,NA,"0.7561734"
"fbec87d7bf859499f691cf9c80964b3d",1,0,1,0.888052314034699,0.005,"d__Bacteria"," p__Cyanobacteria"," c__Vampirivibrionia"," o__Obscuribacterales"," f__Obscuribacteraceae"," g__Obscuribacteraceae"," s__uncultured_bacterium","0.9760361"
"753920d3f1ad6189236ce8943e8621e0",1,0,1,0.468610200181782,0.025,"d__Bacteria"," p__Actinobacteriota"," c__Actinobacteria"," o__Frankiales"," f__Nakamurellaceae"," g__Nakamurella",NA,"0.9659076"
"a46dae7ef70ef8adce481cf6bf56ca2e",0,1,2,0.487078271392751,0.02,"d__Bacteria"," p__Actinobacteriota"," c__Actinobacteria"," o__Frankiales"," f__Sporichthyaceae"," g__uncultured"," s__uncultured_bacterium","0.7177400"
"c9e4337e5fd5712e3c5082bbdc0c0589",0,1,2,0.385003886050621,0.03,"d__Bacteria"," p__Actinobacteriota"," c__Actinobacteria"," o__Micrococcales"," f__Promicromonosporaceae"," g__Promicromonospora",NA,"0.9051497"
"c6c4d9630264835e3e56584ece6ecf2c",0,1,2,0.380693493813441,0.02,"d__Bacteria"," p__Actinobacteriota"," c__Actinobacteria"," o__Micrococcales"," f__Promicromonosporaceae"," g__Cellulosimicrobium",NA,"0.8084548"
"b15f9b0d303ebd058c05e185e9f23cde",0,1,2,0.809714792575053,0.005,"d__Bacteria"," p__Actinobacteriota"," c__Actinobacteria"," o__Streptomycetales"," f__Streptomycetaceae"," g__Streptomyces",NA,"0.9990697"
"db9ee620cbad23cf7b6c5073cf721c4f",0,1,2,0.329690236697893,0.025,"d__Bacteria"," p__Actinobacteriota"," c__Actinobacteria"," o__Streptosporangiales"," f__Streptosporangiaceae"," g__Sphaerisporangium",NA,"0.8717668"
"1ead8c341bf7e5b9ded4d945a49faf0e",0,1,2,0.351210591435411,0.025,"d__Bacteria"," p__Actinobacteriota"," c__Actinobacteria"," o__Streptosporangiales"," f__Streptosporangiaceae"," g__Nonomuraea",NA,"0.9771761"
"4be17c7abf51769cee9aef9209927d9a",0,1,2,0.445570992080629,0.01,"d__Bacteria"," p__Actinobacteriota"," c__Actinobacteria"," o__Streptosporangiales"," f__Thermomonosporaceae"," g__Actinocorallia",NA,"0.8058183"
"d9228c2117bee5f2918279d4694fe3e3",1,0,1,0.232695290443738,0.02,"d__Bacteria"," p__Actinobacteriota"," c__Actinobacteria"," o__Pseudonocardiales"," f__Pseudonocardiaceae"," g__Crossiella",NA,"0.7841375"
"d7bb5bad3e6c29af7a59a4e8907685f0",0,1,2,0.686304956089946,0.005,"d__Bacteria"," p__Actinobacteriota"," c__Actinobacteria"," o__Micromonosporales"," f__Micromonosporaceae"," g__Luedemannella"," s__metagenome","0.7104171"
"655dc067761fb3e61a82d5cb60f9dff6",0,1,2,0.530626686157594,0.005,"d__Bacteria"," p__Actinobacteriota"," c__Actinobacteria"," o__Micromonosporales"," f__Micromonosporaceae"," g__Virgisporangium",NA,"0.9548687"
"1c482fd5ee229bda3372a253d08fe2cb",0,1,2,0.39841990699077,0.03,"d__Bacteria"," p__Actinobacteriota"," c__Actinobacteria"," o__Micromonosporales"," f__Micromonosporaceae"," g__uncultured",NA,"0.9944681"
"ab32da5728a47b7aad63c625366a264c",0,1,2,0.425628265379374,0.01,"d__Bacteria"," p__Actinobacteriota"," c__Actinobacteria"," o__Micromonosporales"," f__Micromonosporaceae"," g__Allocatelliglobosispora"," s__uncultured_bacterium","0.8485328"
"ebfb19fb0c0494601b9315d8925e334d",0,1,2,0.402181749807266,0.035,"d__Bacteria"," p__Actinobacteriota"," c__Actinobacteria"," o__Micromonosporales"," f__Micromonosporaceae"," g__Catellatospora",NA,"0.9804858"
"1e7bee21b314515896f419ff91de33ef",0,1,2,0.408248290463863,0.005,"d__Bacteria"," p__Actinobacteriota"," c__Actinobacteria"," o__Micromonosporales"," f__Micromonosporaceae"," g__Hamadaea",NA,"0.9981105"
"36de4182a64c72934ab35ebab3ac0882",0,1,2,0.645248742253528,0.01,"d__Bacteria"," p__Actinobacteriota"," c__Actinobacteria"," o__Micromonosporales"," f__Micromonosporaceae"," g__Dactylosporangium"," s__uncultured_bacterium","0.7641065"
"20f7ab1de5703de963c7e5af74a370ba",0,1,2,0.631145756103343,0.005,"d__Bacteria"," p__Actinobacteriota"," c__Actinobacteria"," o__Frankiales"," f__Geodermatophilaceae"," g__Modestobacter",NA,"0.7639198"
"0ef9123a8bc940a56808dbf98b29ec8a",0,1,2,0.637043089136584,0.005,"d__Bacteria"," p__Actinobacteriota"," c__Actinobacteria"," o__Frankiales"," f__Geodermatophilaceae"," g__Blastococcus",NA,"0.9883233"
"0f075b462245463a19cb4b60a9d9b86e",1,0,1,0.235702260395516,0.03,"d__Bacteria"," p__Actinobacteriota"," c__Actinobacteria"," o__uncultured"," f__uncultured"," g__uncultured"," s__uncultured_bacterium","0.9232356"
"a8e80983c01d4c0e40f993fa32f36c7e",1,0,1,0.414091511637878,0.005,"d__Bacteria"," p__Actinobacteriota"," c__Actinobacteria"," o__Pseudonocardiales"," f__Pseudonocardiaceae"," g__Actinomycetospora",NA,"0.9681689"
"e144c23822ce9db450b8cad037a39f0b",0,1,2,0.455934476159176,0.01,"d__Bacteria"," p__Actinobacteriota"," c__Actinobacteria"," o__Micrococcales"," f__Microbacteriaceae"," g__Agromyces",NA,"0.9668086"
"9da5743a7e7329e91e90a23d0590ad61",0,1,2,0.481093040395346,0.01,"d__Bacteria"," p__Actinobacteriota"," c__Actinobacteria"," o__Pseudonocardiales"," f__Pseudonocardiaceae",NA,NA,"0.9982838"
"5619b6cad3727ded3121d760f04e9c6d",0,1,2,0.58540454516282,0.005,"d__Bacteria"," p__Actinobacteriota"," c__Actinobacteria"," o__Corynebacteriales"," f__Nocardiaceae"," g__Rhodococcus",NA,"0.9909626"
"d85cc816dad3957288c53a5888cd1b65",0,1,2,0.361980933344805,0.015,"d__Bacteria"," p__Actinobacteriota"," c__Actinobacteria"," o__Pseudonocardiales"," f__Pseudonocardiaceae"," g__Amycolatopsis",NA,"0.9968416"
"eaa1317c5aa8281df9b240b5aa6f3050",0,1,2,0.485649749943299,0.01,"d__Bacteria"," p__Actinobacteriota"," c__Actinobacteria"," o__Pseudonocardiales"," f__Pseudonocardiaceae"," g__Allokutzneria",NA,"0.7069108"
"6b6af0c4ef7dc65b8c044a370146ada0",1,0,1,0.861034754692073,0.005,"d__Bacteria"," p__Actinobacteriota"," c__Actinobacteria"," o__Frankiales"," f__Acidothermaceae"," g__Acidothermus",NA,"0.9844033"
"9a1c421a7ac52eb8649aea5b0cffbfd3",0,1,2,0.809626634759371,0.005,"d__Bacteria"," p__Actinobacteriota"," c__Actinobacteria"," o__Micrococcales"," f__Intrasporangiaceae",NA,NA,"0.9923446"
"11334291947eca314219c89eb5ab301c",0,1,2,0.924376526579263,0.005,"d__Bacteria"," p__Actinobacteriota"," c__Actinobacteria"," o__Micrococcales"," f__Micrococcaceae",NA,NA,"0.9996778"
"8f94fa891237cca2ff5ab32994f353e5",0,1,2,0.450442616461451,0.005,"d__Bacteria"," p__Actinobacteriota"," c__Actinobacteria"," o__Propionibacteriales"," f__Nocardioidaceae"," g__Kribbella",NA,"0.9848848"
"31a0c9b38de6bcc7888d834f7cd8f9f4",0,1,2,0.399274704752345,0.015,"d__Bacteria"," p__Actinobacteriota"," c__Actinobacteria"," o__Propionibacteriales"," f__Propionibacteriaceae"," g__Microlunatus",NA,"0.9885341"
"7d142f8e1093004714a5d813fd2abcf5",0,1,2,0.684358487423342,0.005,"d__Bacteria"," p__Actinobacteriota"," c__Actinobacteria"," o__Propionibacteriales"," f__Nocardioidaceae",NA,NA,"0.9585587"
"5c9ad991ca02176eda04f6474e9a6c8a",0,1,2,0.588788443804839,0.005,"d__Bacteria"," p__Actinobacteriota"," c__Actinobacteria"," o__Propionibacteriales"," f__Nocardioidaceae"," g__Marmoricola",NA,"0.7443469"
"51cab26d0645b1d4f551daf85135d601",1,0,1,0.690685396548914,0.005,"d__Bacteria"," p__Actinobacteriota"," c__Actinobacteria"," o__Catenulisporales"," f__Actinospicaceae"," g__Actinospica"," s__Actinospica_sp.","0.9958085"
"2beeb2032395fc115f96b1261e1dea30",0,1,2,0.38637276687455,0.02,"d__Bacteria"," p__Actinobacteriota"," c__Actinobacteria"," o__0319-7L14"," f__0319-7L14"," g__0319-7L14"," s__uncultured_actinobacterium","0.7701222"
"a83e7749c6c6d26a8388a57d62070d69",0,1,2,0.867497722768828,0.005,"d__Bacteria"," p__Actinobacteriota"," c__Thermoleophilia"," o__Gaiellales"," f__Gaiellaceae"," g__Gaiella",NA,"0.9865883"
"7faa54ef7d73705a7ae8709b271c2c1b",0,1,2,0.616440192899656,0.005,"d__Bacteria"," p__Actinobacteriota"," c__Rubrobacteria"," o__Rubrobacterales"," f__Rubrobacteriaceae"," g__Rubrobacter"," s__metagenome","0.9998562"
"15c841b08a550bac07b7f3b6ad6f5e16",0,1,2,0.879724402588934,0.005,"d__Bacteria"," p__Actinobacteriota"," c__MB-A2-108"," o__MB-A2-108"," f__MB-A2-108"," g__MB-A2-108",NA,"0.9959881"
"88d27b7a7163d41953942d5a3761a040",0,1,2,0.399274704752345,0.015,"d__Bacteria"," p__Actinobacteriota"," c__Actinobacteria"," o__FFCH16263"," f__FFCH16263"," g__FFCH16263"," s__uncultured_bacterium","0.9462388"
"bb9d7c5a03b5196077dcf87b58172ebd",1,0,1,0.235493515615701,0.035,"d__Bacteria"," p__Firmicutes"," c__Bacilli"," o__Lactobacillales"," f__Enterococcaceae"," g__Enterococcus",NA,"0.8499349"
"38eea1a0c6d3314d54553ed8636a09dc",1,0,1,0.387854592507278,0.03,"d__Bacteria"," p__Firmicutes"," c__Bacilli"," o__Staphylococcales"," f__Staphylococcaceae"," g__Staphylococcus",NA,"0.9850030"
"0c0189031cd064708e5809840ae12e94",0,1,2,0.471494340896849,0.01,"d__Bacteria"," p__Firmicutes"," c__Bacilli"," o__Paenibacillales"," f__Paenibacillaceae"," g__Ammoniphilus",NA,"0.8948827"
"5b46c34b459d476f9ae9a03bd561f471",0,1,2,0.588182012223359,0.005,"d__Bacteria"," p__Firmicutes"," c__Bacilli"," o__Bacillales"," f__Planococcaceae"," g__Lysinibacillus",NA,"0.7580112"
"cf4539b451e84c51234b7b3753c1ae19",0,1,2,0.466252404120157,0.015,"d__Bacteria"," p__Firmicutes"," c__Bacilli"," o__Thermoactinomycetales"," f__Thermoactinomycetaceae"," g__Thermoactinomyces"," s__Thermoactinomyces_sp.","0.9170250"
"4e2bb53d3918d129466955e4570f7e5e",0,1,2,0.554320774428791,0.035,"d__Bacteria"," p__Bacteroidota"," c__Bacteroidia"," o__Bacteroidales"," f__Prevotellaceae"," g__Alloprevotella"," s__uncultured_Bacteroidetes","0.9831730"
"0fe00a4ea72dde3b6a96b06af25923bc",1,0,1,0.235702260395516,0.02,"d__Bacteria"," p__Firmicutes"," c__Bacilli"," o__Entomoplasmatales"," f__Spiroplasmataceae"," g__Spiroplasma",NA,"0.9999829"
"e39f9ac47885963bac72a21ca8dd74b2",0,1,2,0.634269945369489,0.015,"d__Bacteria"," p__Firmicutes"," c__Bacilli"," o__RF39"," f__RF39"," g__RF39",NA,"0.8589358"
"0b46c8459647b61a4b57116b7d612bdb",0,1,2,0.410323068580614,0.04,"d__Bacteria"," p__Firmicutes"," c__Bacilli"," o__Erysipelotrichales"," f__Erysipelotrichaceae"," g__Solobacterium",NA,"0.9990385"
"3b07afb2d0e2ef5ca3c73b917548a63c",0,1,2,0.390094748802747,0.02,"d__Bacteria"," p__Firmicutes"," c__Clostridia"," o__Peptostreptococcales-Tissierellales"," f__Fusibacteraceae"," g__Fusibacter"," s__Fusibacter_fontis","0.8897303"
"ccd486e3ff7617accdbece2765cf4df0",0,1,2,0.623203049507997,0.005,"d__Bacteria"," p__Firmicutes"," c__Clostridia"," o__Peptostreptococcales-Tissierellales"," f__Peptostreptococcaceae"," g__Sporacetigenium"," s__uncultured_Firmicutes","0.7196868"
"e15640fd28d378886ade126eaee6525b",0,1,2,0.690967725069302,0.005,"d__Bacteria"," p__Firmicutes"," c__Clostridia"," o__Peptostreptococcales-Tissierellales"," f__Peptostreptococcaceae"," g__Paraclostridium",NA,"0.7968019"
"2c7ebe67a8f45d2c6db5dbf4da2aa558",0,1,2,0.757326210832251,0.005,"d__Bacteria"," p__Firmicutes"," c__Clostridia"," o__Peptostreptococcales-Tissierellales"," f__Anaerovoracaceae"," g__Anaerovorax",NA,"0.8688368"
"d3178f155f692ea9f6a2ce62ac480174",1,0,1,0.303790512360011,0.025,"d__Bacteria"," p__Firmicutes"," c__Clostridia"," o__Peptostreptococcales-Tissierellales"," f__Anaerovoracaceae"," g__S5-A14a",NA,"0.9994879"
"1bf985efb3df6ce8f49e1c7a5e2f56ee",0,1,2,0.352202067914455,0.04,"d__Bacteria"," p__Firmicutes"," c__Bacilli"," o__Erysipelotrichales"," f__Erysipelatoclostridiaceae"," g__UCG-004",NA,"0.9350349"
"bdcf286a13b010ff88080aa480fdd890",1,0,1,0.376348998954926,0.005,"d__Bacteria"," p__Cyanobacteria"," c__Vampirivibrionia"," o__Vampirovibrionales"," f__Vampirovibrionales"," g__Vampirovibrionales"," s__uncultured_bacterium","0.7553804"
"d8dc6ff92e335ce665dc038447d4351e",0,1,2,0.506043541418367,0.01,"d__Bacteria"," p__Cyanobacteria"," c__Vampirivibrionia"," o__Vampirovibrionales"," f__Vampirovibrionaceae"," g__Vampirovibrio",NA,"0.8827463"
"ea16af0a781dad752599253c98d694ea",1,0,1,0.458721322545533,0.015,"d__Bacteria"," p__Firmicutes"," c__Bacilli"," o__Thermoactinomycetales"," f__Thermoactinomycetaceae"," g__Pasteuria"," s__uncultured_Firmicutes","0.9970842"
"91eda9c64f28b64598ca2c02407acc49",0,1,2,0.562473994897411,0.005,"d__Bacteria"," p__Firmicutes"," c__Bacilli"," o__Thermoactinomycetales"," f__Thermoactinomycetaceae"," g__Shimazuella",NA,"0.9999908"
"333e9cb9872f0aff6a3593c65a07051d",0,1,2,0.399274704752345,0.01,"d__Bacteria"," p__Firmicutes"," c__Bacilli"," o__Thermoactinomycetales"," f__Thermoactinomycetaceae"," g__Thermoflavimicrobium"," s__low_GC","0.9986584"
"eb7a0fa8178722116477e594d0308120",1,0,1,0.448125846984571,0.005,"d__Bacteria"," p__Firmicutes"," c__Clostridia"," o__Peptostreptococcales-Tissierellales"," f__Peptostreptococcales-Tissierellales"," g__Anaerococcus",NA,"0.9999726"
"b1cdffda75a7b42133859789733825a2",1,0,1,0.615359563212829,0.005,"d__Bacteria"," p__Myxococcota"," c__Myxococcia"," o__Myxococcales"," f__27F-1492R"," g__27F-1492R"," s__uncultured_Myxococcales","0.8892057"
"83e879c38d1f36c697dea53ce0c7e7f8",1,0,1,0.374503174159492,0.005,"d__Bacteria"," p__Bacteria"," c__Bacteria"," o__Bacteria"," f__Bacteria"," g__Bacteria"," s__uncultured_Desulfuromonadales","0.8352661"
"b58a28b6d6c1b2a9b6e5da2f292a4a9f",0,1,2,0.590129268045444,0.01,"d__Bacteria"," p__Bacteroidota"," c__Ignavibacteria"," o__Ignavibacteriales"," f__Ignavibacteriales"," g__Ignavibacteriales"," s__uncultured_bacterium","0.9883546"
"d189509f4c20c89602233efdf987822f",0,1,2,0.458415671128542,0.005,"d__Bacteria"," p__Planctomycetota"," c__Phycisphaerae"," o__Tepidisphaerales"," f__Tepidisphaerales"," g__Tepidisphaerales"," s__uncultured_bacterium","0.7938485"
"cfd95c68e81ad80d3886433b0a6fdba4",0,1,2,0.677274960354466,0.005,"d__Bacteria"," p__Planctomycetota"," c__Phycisphaerae"," o__Phycisphaerales"," f__Phycisphaeraceae"," g__AKYG587"," s__uncultured_planctomycete","0.9529054"
"efef7ed628dfb4a314f735d969e2343c",0,1,2,0.797994729334346,0.005,"d__Bacteria"," p__Planctomycetota"," c__Phycisphaerae"," o__MSBL9"," f__MSBL9"," g__MSBL9"," s__uncultured_bacterium","0.8418886"
"42aa1e63500e1a678555ab508b82a7ac",0,1,2,0.854001604854211,0.005,"d__Bacteria"," p__Entotheonellaeota"," c__Entotheonellia"," o__Entotheonellales"," f__Entotheonellaceae"," g__Entotheonellaceae"," s__uncultured_bacterium","0.7766884"
"0f332de458cbd6e91779f459ca4d413a",0,1,2,0.28232985128664,0.04,"d__Bacteria"," p__Entotheonellaeota"," c__Entotheonellia"," o__Entotheonellales"," f__Entotheonellaceae"," g__Candidatus_Entotheonella"," s__uncultured_delta","0.7973915"
"39ea494509da6fd96a97f3180a7ea40b",1,0,1,0.792626676636284,0.005,"d__Bacteria"," p__Planctomycetota"," c__Planctomycetes"," o__Isosphaerales"," f__Isosphaeraceae"," g__Tundrisphaera",NA,"0.9934206"
"d53d1534542ccdaccdba446ce794ae23",1,0,1,0.287743583855733,0.02,"d__Bacteria"," p__Planctomycetota"," c__Planctomycetes"," o__Isosphaerales"," f__Isosphaeraceae"," g__Candidatus_Nostocoida"," s__uncultured_planctomycete","0.9522829"
"997ddae92634559c42929017531da979",1,0,1,0.567954573772885,0.005,"d__Bacteria"," p__Proteobacteria"," c__Alphaproteobacteria"," o__Rickettsiales"," f__SM2D12"," g__SM2D12",NA,"0.7359295"
"93b6837a3e8441a240f28934ee80d770",1,0,1,0.696954638194487,0.005,"d__Bacteria"," p__Proteobacteria"," c__Alphaproteobacteria"," o__Micropepsales"," f__Micropepsaceae"," g__Micropepsaceae"," s__uncultured_proteobacterium","0.7529792"
"9a53f7e18656f124cdb49f500dd1ab7a",1,0,1,0.889195268330073,0.005,"d__Bacteria"," p__Proteobacteria"," c__Alphaproteobacteria"," o__Micropepsales"," f__Micropepsaceae",NA,NA,"0.9786393"
"18b9bbe996ba4c37832446fd13be9f84",0,1,2,0.635426708232555,0.005,"d__Bacteria"," p__Proteobacteria"," c__Alphaproteobacteria"," o__Sphingomonadales"," f__Sphingomonadaceae"," g__Altererythrobacter",NA,"0.8357210"
"c0d373b06daac073abc5b56ee223777c",0,1,2,0.586616448390207,0.015,"d__Bacteria"," p__Proteobacteria"," c__Alphaproteobacteria"," o__Sphingomonadales"," f__Sphingomonadaceae"," g__Porphyrobacter",NA,"0.9276719"
"4b42419093ac9df859ae7175f00b793d",0,1,2,0.584520649827808,0.005,"d__Bacteria"," p__Proteobacteria"," c__Alphaproteobacteria"," o__Rhizobiales"," f__Rhizobiaceae"," g__Mesorhizobium",NA,"0.9152955"
"ffce94dfd54c936648145c8b8f81709e",1,0,1,0.235702260395516,0.02,"d__Bacteria"," p__Proteobacteria"," c__Alphaproteobacteria"," o__Rhizobiales"," f__Beijerinckiaceae"," g__Methylocella"," s__Methylocella_palustris","0.8652238"
"2d61da160a61279f3fd9d4d74f999624",0,1,2,0.509814358271725,0.01,"d__Bacteria"," p__Proteobacteria"," c__Alphaproteobacteria"," o__Rhizobiales"," f__Xanthobacteraceae"," g__Rhodoplanes",NA,"0.7927021"
"8a5776a3180ed43c42b65c5e07fa7b58",1,0,1,0.230993034609535,0.02,"d__Bacteria"," p__Proteobacteria"," c__Alphaproteobacteria"," o__Rhizobiales"," f__Xanthobacteraceae"," g__Ancylobacter",NA,"0.7913194"
"5a16ebbeb0bede28c17ab87fb39b3989",1,0,1,0.458822275715989,0.01,"d__Bacteria"," p__Proteobacteria"," c__Alphaproteobacteria"," o__Rhizobiales"," f__Devosiaceae",NA,NA,"0.9807867"
"07cfc54e89fc3418ec7e2afa2df56bf9",0,1,2,0.611578156811941,0.005,"d__Bacteria"," p__Proteobacteria"," c__Alphaproteobacteria"," o__Rhizobiales"," f__Rhizobiales_Incertae_Sedis"," g__Nordella"," s__uncultured_Phyllobacteriaceae","0.7799566"
"1bd4568b9fb052bcf6d5af20ace1652e",1,0,1,0.417808981320156,0.005,"d__Bacteria"," p__Proteobacteria"," c__Alphaproteobacteria"," o__Rhizobiales"," f__Xanthobacteraceae"," g__Xanthobacter",NA,"0.7266008"
"44e726df9116f56476b9355c8bbd5847",1,0,1,0.799622644208475,0.005,"d__Bacteria"," p__Proteobacteria"," c__Alphaproteobacteria"," o__Rhizobiales"," f__Beijerinckiaceae"," g__Rhodoblastus",NA,"0.9897780"
"419b90cd93f225d5af71d925752212c4",0,1,2,0.857446977808004,0.005,"d__Bacteria"," p__Proteobacteria"," c__Alphaproteobacteria"," o__Rhizobiales"," f__Rhizobiales_Incertae_Sedis"," g__uncultured",NA,"0.8823352"
"fac2549bc47fa1e1545f687ffee4b072",1,0,1,0.408248290463863,0.005,"d__Bacteria"," p__Proteobacteria"," c__Alphaproteobacteria"," o__Rhizobiales"," f__Beijerinckiaceae"," g__Methyloferula",NA,"0.7458989"
"0363632c5d69d4cac39107ddd05313e4",1,0,1,0.272165526975909,0.01,"d__Bacteria"," p__Proteobacteria"," c__Alphaproteobacteria"," o__Rhizobiales"," f__Rhizobiaceae"," g__Ensifer",NA,"0.7274592"
"424bccb8ef4b24d31e650e38ca2cc0a4",0,1,2,0.465624026299515,0.01,"d__Bacteria"," p__Proteobacteria"," c__Alphaproteobacteria"," o__Rhizobiales"," f__Rhizobiaceae"," g__Phyllobacterium",NA,"0.8637649"
"27d1eb585efef585d8d148e648836031",0,1,2,0.583718849706947,0.005,"d__Bacteria"," p__Proteobacteria"," c__Alphaproteobacteria"," o__Rhodobacterales"," f__Rhodobacteraceae"," g__Tropicimonas",NA,"0.7632792"
"ec484fe782497d664ec73cdd9fbe77f4",0,1,2,0.89104305287252,0.005,"d__Bacteria"," p__Proteobacteria"," c__Alphaproteobacteria"," o__Rhizobiales"," f__Hyphomicrobiaceae"," g__Pedomicrobium",NA,"0.9886056"
"1d9fd315edccf1f2541d8b0a589ff1e9",1,0,1,0.876928487999787,0.005,"d__Bacteria"," p__Proteobacteria"," c__Alphaproteobacteria"," o__Rhizobiales"," f__Beijerinckiaceae"," g__Roseiarcus",NA,"0.9987564"
"1f08b75618eb119da9d7f3152d295063",1,0,1,0.880129802151904,0.005,"d__Bacteria"," p__Proteobacteria"," c__Alphaproteobacteria"," o__Caulobacterales"," f__Caulobacteraceae"," g__uncultured"," s__uncultured_Caulobacteraceae","0.7739366"
"37810737a539634c83e077c62e2ef13c",0,1,2,0.473959577558488,0.005,"d__Bacteria"," p__Proteobacteria"," c__Alphaproteobacteria"," o__Rhizobiales"," f__Beijerinckiaceae"," g__FFCH5858",NA,"0.9651166"
"113fce32f44e96b0f7e6b87074585ec7",0,1,2,0.697282559622728,0.005,"d__Bacteria"," p__Proteobacteria"," c__Alphaproteobacteria"," o__Rhizobiales"," f__Beijerinckiaceae"," g__Microvirga",NA,"0.9940064"
"9fb77ef614599b443715be10cab0133d",1,0,1,0.892005645650351,0.005,"d__Bacteria"," p__Proteobacteria"," c__Alphaproteobacteria"," o__Caulobacterales"," f__Caulobacteraceae",NA,NA,"0.9794070"
"76e8978b614f1d6e75147ccbcad5c575",1,0,1,0.571044543908183,0.005,"d__Bacteria"," p__Proteobacteria"," c__Alphaproteobacteria"," o__Rhizobiales"," f__Xanthobacteraceae"," g__Afipia"," s__uncultured_Rhodopseudomonas","0.9373214"
"06cc73a4c5854396d9c506550e7b940b",1,0,1,0.52704627669473,0.005,"d__Bacteria"," p__Proteobacteria"," c__Alphaproteobacteria"," o__Rhizobiales"," f__Beijerinckiaceae"," g__1174-901-12",NA,"0.9523811"
"aef0cd19c0496832d3fa0c1d126ef2fb",1,0,1,0.477324393598648,0.005,"d__Bacteria"," p__Proteobacteria"," c__Alphaproteobacteria"," o__Rhizobiales"," f__Xanthobacteraceae"," g__Xanthobacteraceae"," s__Rhizobiales_bacterium","0.7399296"
"413eaad62cb43b5504e4437dd6f32e6e",0,1,2,0.570352283142271,0.005,"d__Bacteria"," p__Proteobacteria"," c__Alphaproteobacteria"," o__Rhizobiales"," f__Beijerinckiaceae"," g__Bosea",NA,"0.9988831"
"fe49a1b04a49b69491978c4600969ba3",0,1,2,0.537130802432145,0.01,"d__Bacteria"," p__Proteobacteria"," c__Alphaproteobacteria"," o__Ferrovibrionales"," f__Ferrovibrionaceae"," g__Ferrovibrio",NA,"0.9999836"
"bf074a51e4b7447c9a36606d03315db2",0,1,2,0.47277990282277,0.005,"d__Bacteria"," p__Proteobacteria"," c__Alphaproteobacteria"," o__Tistrellales"," f__Geminicoccaceae"," g__uncultured"," s__uncultured_Rhodospirillales","0.8502141"
"42d1c4f7a8aabfc8ea46ade5c297e850",1,0,1,0.406036218980437,0.01,"d__Bacteria"," p__Proteobacteria"," c__Alphaproteobacteria"," o__Azospirillales"," f__Azospirillaceae",NA,NA,"0.7162592"
"d43a4dded894a51f2fc82a958307ba42",1,0,1,0.235702260395516,0.02,"d__Bacteria"," p__Proteobacteria"," c__Alphaproteobacteria"," o__Acetobacterales"," f__Acetobacteraceae"," g__Acidisphaera"," s__Acetobacteraceae_bacterium","0.8521346"
"ccc061e9dd008d872fdd07f59ad314ad",1,0,1,0.734623931842631,0.005,"d__Bacteria"," p__Proteobacteria"," c__Alphaproteobacteria"," o__Acetobacterales"," f__Acetobacteraceae"," g__Rhodovastum"," s__Acetobacteraceae_bacterium","0.8826005"
"78eaa48c36c98902138e7941fe5e3506",1,0,1,0.403813665675653,0.005,"d__Bacteria"," p__Proteobacteria"," c__Alphaproteobacteria"," o__Acetobacterales"," f__Acetobacteraceae"," g__Acidicaldus"," s__uncultured_Acidisphaera","0.9667813"
"e3f541dbafb3e0f48f7669252d808823",1,0,1,0.729167908385891,0.005,"d__Bacteria"," p__Proteobacteria"," c__Alphaproteobacteria"," o__Acetobacterales"," f__Acetobacteraceae"," g__Acidisoma",NA,"0.9905970"
"61e55aeb73e990a9746976a8b840d18d",1,0,1,0.621519237853789,0.005,"d__Bacteria"," p__Proteobacteria"," c__Alphaproteobacteria"," o__Acetobacterales"," f__Acetobacteraceae"," g__Acetobacteraceae"," s__Acidisphaera_sp.","0.9342808"
"acbd4fffec4e9591785f317a33040be5",1,0,1,0.717242532039903,0.005,"d__Bacteria"," p__Proteobacteria"," c__Alphaproteobacteria"," o__Acetobacterales"," f__Acetobacteraceae"," g__Acidiphilium",NA,"0.7427470"
"55c27bd6a68f33544fa59e68bfc3eb14",1,0,1,0.262293658990011,0.01,"d__Bacteria"," p__Proteobacteria"," c__Alphaproteobacteria"," o__Acetobacterales"," f__Acetobacteraceae"," g__Gluconacetobacter",NA,"0.7752682"
"653e2802df3208b46865e3a465ba48c6",1,0,1,0.539384107170097,0.005,"d__Bacteria"," p__Proteobacteria"," c__Alphaproteobacteria"," o__Acetobacterales"," f__Acetobacteraceae"," g__Rhodopila"," s__uncultured_bacterium","0.8930618"
"d67fdf56ab8a29178d496f864909f6ce",1,0,1,0.80548594016542,0.005,"d__Bacteria"," p__Proteobacteria"," c__Alphaproteobacteria"," o__Acetobacterales"," f__Acetobacteraceae"," g__Acidocella",NA,"0.9969469"
"052f86bd1afd99a4c67fd0f1ca548543",1,0,1,0.493545405144376,0.005,"d__Bacteria"," p__Proteobacteria"," c__Alphaproteobacteria"," o__Paracaedibacterales"," f__Paracaedibacteraceae"," g__Candidatus_Captivus"," s__uncultured_bacterium","0.9344409"
"8c9264b7a3bf46f40771f6f9fcb8263c",1,0,1,0.470129406055985,0.005,"d__Bacteria"," p__Proteobacteria"," c__Alphaproteobacteria"," o__Paracaedibacterales"," f__Paracaedibacteraceae"," g__uncultured",NA,"0.9956587"
"5db012d666ebb4cc0d671581b78d1691",0,1,2,0.497623150350437,0.01,"d__Bacteria"," p__Proteobacteria"," c__Alphaproteobacteria"," o__Azospirillales"," f__uncultured"," g__uncultured",NA,"0.9995935"
"eb336a16319f7e59b8483f198e0d79a3",0,1,2,0.637670129759111,0.005,"d__Bacteria"," p__Proteobacteria"," c__Alphaproteobacteria"," o__Azospirillales"," f__Azospirillaceae"," g__Skermanella",NA,"0.9327452"
"84e83dc00bbee10c656cb263511f60d2",1,0,1,0.558640356297473,0.005,"d__Bacteria"," p__Proteobacteria"," c__Alphaproteobacteria"," o__Elsterales"," f__Elsteraceae"," g__uncultured",NA,"0.9980145"
"3d7a609eff6f647f07354b1a5d746924",0,1,2,0.754037660158862,0.005,"d__Bacteria"," p__Proteobacteria"," c__Alphaproteobacteria"," o__Acetobacterales"," f__Acetobacteraceae"," g__Roseomonas"," s__Roseomonas_terricola","0.9136673"
"fb9630662f9b1a8f38a4a5fbbcfd6e97",1,0,1,0.829435874326504,0.005,"d__Bacteria"," p__Proteobacteria"," c__Alphaproteobacteria"," o__Azospirillales"," f__Inquilinaceae"," g__Inquilinus",NA,"0.9606447"
"9fa6f882569da4d2e571fdfd3f5e993e",1,0,1,0.402182659127202,0.005,"d__Bacteria"," p__Proteobacteria"," c__Alphaproteobacteria"," o__Paracaedibacterales"," f__Paracaedibacteraceae"," g__Candidatus_Finniella"," s__uncultured_bacterium","0.7074827"
"d58b8f45806dde0b3f4338c3e709d3ba",1,0,1,0.809753312136104,0.005,"d__Bacteria"," p__Proteobacteria"," c__Alphaproteobacteria"," o__Rhodospirillales"," f__Magnetospirillaceae"," g__uncultured"," s__uncultured_bacterium","0.9558183"
"12098f0bd392bcd73105b1676d1ef05c",1,0,1,0.694551109403461,0.005,"d__Bacteria"," p__Proteobacteria"," c__Alphaproteobacteria"," o__Rhodospirillales"," f__Magnetospirillaceae",NA,NA,"0.9945479"
"4f7cb2f23450c71566ae46a45e13bb54",1,0,1,0.782016709384914,0.005,"d__Bacteria"," p__Proteobacteria"," c__Alphaproteobacteria"," o__Rhodospirillales"," f__Magnetospirillaceae"," g__Telmatospirillum",NA,"0.8648184"
"a9efcbd64b44bf6ddf53744b30c87136",1,0,1,0.300309572488407,0.02,"d__Bacteria"," p__Proteobacteria"," c__Alphaproteobacteria"," o__Rhodospirillales"," f__Magnetospirillaceae"," g__Magnetospirillaceae"," s__uncultured_bacterium","0.8669305"
"00ff75d7ad5100d458c8e82b7526ec41",0,1,2,0.831755298993874,0.005,"d__Bacteria"," p__Proteobacteria"," c__Alphaproteobacteria"," o__Defluviicoccales"," f__Defluviicoccaceae"," g__Defluviicoccus"," s__uncultured_Defluviicoccus","0.9343873"
"0a29ce67ed579e4df233cfeffe2464d3",1,0,1,0.371614197561569,0.045,"d__Bacteria"," p__Proteobacteria"," c__Alphaproteobacteria"," o__Sphingomonadales"," f__Sphingomonadaceae"," g__Sphingorhabdus",NA,"0.7287938"
